Additive Manufacturing	ME 19-205-0606(E)	ME	2019	April 2026	Additive Manufacturing 2026 Apr (2019 Ad.).pdf
Additive Manufacturing	ME 23-205-0506(IE)	ME	2023	November 2025	Additive Manufacturing. 2025 Nov (2023 Ad.).pdf
Advanced Architecture and Parallel Processing	CS 15-1801	CSE	2015	August 2022	Advanced Architecture and Parallel Processing 2022 August (2015 Ad.).pdf
Advanced Architecture and Parallel processing	CS 15-1801	CSE	2015	July 2019	Advanced Architecture and Parallel processing 2019 Jul (2015 Ad).pdf
Advanced Architecture and Parallel Processing	CS 19-202-0702	CSE	2019	April 2026	Advanced Architecture and Parallel Processing 2026 Apr (2019 Ad.).pdf
Advanced Architecture and Parallel Processing	CS 19-202-0702	CSE	2019	March 2023	Advanced Architecture and Parallel Processing 2023 March (2019 Ad).pdf
Advanced Architecture and Parallel Processing	CS 19-202-0702	CSE	2019	May 2024	Advanced Architecture and Parallel Processing 2024 May (2019 Ad.).pdf.pdf
Advanced Architecture and Parallel Processing	CS 19-202-0702	CSE	2019	November 2024	Advanced Architecture and Parallel Processing 2024 Nov  (2019 Ad.).pdf
Advanced Architecture and Parallel Processing	CS 19-202-0702	CSE	2019	November 2025	Advanced Architecture and Parallel Processing 2025 Nov (2019 Ad).pdf
Advanced Computer Architecture	EC 19-203-0709	ECE	2019	March 2023	Advanced Computer Architecture   2023 March (2019 Ad).pdf
Advanced Computer Networks	CS 15-1702	CSE	2015	April 2019	Advanced Computer Networks 2019 April (2015 Ad).pdf
Advanced Computer Networks	CS 15-1702	CSE	2015	April 2021	Advanced computer Networks 2021 April (2015 Ad)
Advanced Computer Networks	CS 15-1702	CSE	2015	April 2022	Advanced computer networks 2022 April (2015 Ad.).pdf
Advanced Computer Networks	CS 15-1702	CSE	2015	November 2018	Advanced Computer Networks 2018 Nov (2015 Ad).pdf
Advanced Computer Networks	CS 15-1702	CSE	2015	November 2019	Advanced Computer Networks 2019  Nov (2015 Ad).pdf
Advanced Computer Networks	CS 15-1702	CSE	2015	November 2020	Advanced Computer Networks 2020 Nov (2015 Ad).pdf
Advanced Concrete Technology	CE 23-201-0412	CE	2023	April 2025	Advanced Concrete Technology 2025 April(2023 Ad.).pdf
Advanced Digital System Design	EC 15-1606(A)	ECE	2015	January 2019	Advanced Digital System Design  2019 Jan (2015 Ad).pdf
Advanced Digital System Design	EC 15-1606(A)	ECE	2015	July 2019	Advanced Digital System Design 2019 Jul (2015 Ad).pdf
Advanced Digital System Design	EC 19-203-0508	ECE	2019	June 2024	Advanced Digital System Design  2024 June  (2019 Ad).pdf
Advanced Manufacturing Technology	ME 23-205-0505	ME	2023	November 2025	Advanced Manufacturing Technology. 2025 Nov (2023 Ad.).pdf
Advanced Mechanics Of Solids	ME 15-1606	ME	2015	April 2018	Advanced Mechanics Of Solids 2018 April  (2015 Ad).pdf
Advanced Mechanics of Solids	ME 15-1606	ME	2015	January 2019	Advanced Mechanics of Solids 2019 Jan (2015 Ad).pdf
Advanced Methods of Structural Analysis	CE 19-201-0603	CE	2019	April 2022	Advanced Methods of Structural Analysis   2022 April (2019 Ad) A.pdf
Advanced Methods of Structural Analysis	CE 19-201-0603	CE	2019	April 2022	Advanced Methods of Structural Analysis  2022 April (2019 Ad) B.pdf
Advanced Methods of Structural Analysis	CE 19-201-0603	CE	2019	April 2026	Advanced Methods of Structural Analysis 2026 Apr (2019 Ad.).pdf
Advanced Methods of Structural Analysis	CE 19-201-0603	CE	2019	June 2023	Advanced Methods of Structural Analysis 2023 June  (2019 Ad) A.pdf
Advanced Methods of Structural Analysis	CE 19-201-0603	CE	2019	November 2022	Advanced Methods of Structural Analysis  2022 Nov(2019 Ad.).pdf
Advanced Microprocessors And Embedded Systems	CS 23-202-0505	CSE	2023	November 2025	Advanced Microprocessors And Embedded Systems. 2025 Nov (2023 Ad.).pdf
Advanced Microprocessors and Microcontrollers	CS 15-1505	CSE	2015	April 2018	Advanced Microprocessors and Microcontrollers  2018 April  (2015 Ad).pdf
Advanced Microprocessors and Microcontrollers	CS 15-1505	CSE	2015	April 2021	Advanced Microprocessors and Microcontrollers  2021 April (2015 Ad).pdf
Advanced Microprocessors and Microcontrollers	CS 15-1505	CSE	2015	April 2022	Advanced Microprocessors and Microcontrollers  2022 April (2015 Ad).pdf
Advanced Microprocessors and Microcontrollers	CS 15-1505	CSE	2015	November 2017	Advanced Microprocessors and Microcontrollers  2017 Nov (2015 Ad).pdf
Advanced Microprocessors and Microcontrollers	CS 15-1505	CSE	2015	November 2020	Advanced Microprocessors and Microcontrollers  2020  Nov (2015 Ad).pdf
Advanced Microprocessors and Microcontrollers	CS 15-1505	CSE	2015	November 2021	Advanced Microprocessors and Microcontrollers  2021  Nov (2015 Ad).pdf
Advanced Microprocessors and Microcontrollers	CS 15-1505	CSE	2015	November 2022	Advanced Microprocessors and Microcontrollers  2022  Nov (2015 Ad).pdf
Advanced Microprocessors and Microcontrollers	CS 19-202-0505	CSE	2019	January 2023	Advanced Microprocessors and Microcontrollers 2023 Janu (2019 Ad.)
Advanced Microprocessors and Microcontrollers	CS 19-202-0505	CSE	2019	June 2024	Advanced Microprocessors and Microcontrollers 2024 June (2019 Ad.).pdf
Advanced Microprocessors and Microcontrollers	CS 19-202-0505	CSE	2019	November 2021	Advanced Microprocessors and Microcontrollers 2021 Nov (2019 Ad.).pdf
Advanced Microprocessors and Microcontrollers	CS 19-202-0505	CSE	2019	September 2022	Advanced Microprocessors and Microcontrollers 2022 Sept (2019 Ad.).pdf
Advanced Power Electronics	EE 15-1606	EEE	2015	April 2018	Advanced Power Electronics   2018  April (2015 Ad).pdf
Advanced Power Electronics	EE 15-1606	EEE	2015	April 2022	Advanced Power Electronics 2022 April (2015 Ad.)
Advanced Power Electronics	EE 15-1606	EEE	2015	January 2019	Advanced Power Electronics  2019 Jan (2015 Ad).pdf
Advanced Safety Engineering and Management	SE 15-1802	SFE	2015	August 2022	Advanced Safety Engineering and Management 2022 August (2015 Ad.).pdf
Advanced Safety Engineering and Management	SE 15-1802	SFE	2015	July 2019	Advanced Safety Engineering and Mangement 2019 Jul (2015 Ad).pdf
Advanced Safety Engineering and Management	SE 19-206-0806	SFE	2019	April 2023	Advanced Safety Engineering and Management 2023 april (2019 Ad.).pdf
Agile Project Management	IT 15-1705	IT	2015	November 2019	Agile Project Management 2019 Nov.(2015 Ad.).pdf
Air Pollution Control and Management	CE 15-1606	CE	2015	January 2019	Air Pollution Control and Management  2019 Jan (2015 Ad).pdf
Air Pollution Control and Management	CE 15-1606	CE	2015	July 2019	Air Pollution Control and Management 2019 Jul (2015 Ad).pdf
Analog Integrated Circuit II	EE 23-209-0406	EEE	2023	April 2025	Analog Integrated Circuit II 2025 April (2023 Ad.).pdf
Analog Integrated Circuits	EC 15-1505	ECE	2015	April 2019	Analog Integrated Circuits 2019 April (2015 Ad).pdf
Analog Integrated Circuits	EC 15-1505	ECE	2015	April 2021	Analog and Integrated Circuits 2021 Apr.(2015 Ad).pdf
Analog Integrated Circuits	EC 15-1505	ECE	2015	November 2018	Analog Integrated Circuits 2018 Nov (2015 Ad).pdf
Analog Integrated Circuits	EC 15-1505	ECE	2015	November 2022	Analog Integrated Circuits 2022 Nov (2015 Ad).pdf
Analog Integrated Circuits	EC 19-203-0504	ECE	2019	January 2023	Analog and Integrated Circuits 2023 Janu   (2019 Ad).pdf
Analog Integrated Circuits	EC 19-203-0504	ECE	2019	June 2024	Analog and Integrated Circuits 2024 June (2019 Ad.).pdf
Analog Integrated Circuits	EC 19-203-0504	ECE	2019	November 2021	Analog and Integrated Circuits 2021 nov (2019 Ad).pdf
Analog Integrated Circuits	EC 19-203-0504	ECE	2019	September 2022	Analog and Integrated Circuits 2022 Sept  (2019 Ad).pdf
Analog Integrated Circuits	EC 23-203-0402	ECE	2023	April 2025	Analog and Integrated Circuits 2025 April  (2023 Ad.).pdf
Analog Integrated Circuits	EE 23-209-0305	EEE	2023	November 2024	Analogue Integrated Circuit .2024 Nov (2023 Ad.).pdf
Analog Integrated Circuits	EE 23-209-0305	EEE	2025	November 2025	Analog and Integrated Circuits 1 2025 Nov (2023 Ad.).pdf
Analysis and Design of Algorithms	CS 15-1703	CSE	2015	April 2019	Analysis and Design of Algorithms 2019 April (2015 Ad).pdf
Analysis and Design of Algorithms	CS 15-1703	CSE	2015	April 2021	Analysis and Design of Algorithms 2021 April (2015 Ad)
Analysis and Design of Algorithms	CS 15-1703	CSE	2015	April 2022	Analysis and design of algorithms 2022 April (2015 Ad.).pdf
Analysis and Design of Algorithms	CS 15-1703	CSE	2015	November 2018	Analysis and Design of Algorithms 2018 Nov (2015 Ad).pdf
Analysis and Design of Algorithms	CS 15-1703	CSE	2015	November 2019	Analysis and Design of Algorithms 2019 Nov (2015 Ad).pdf
Analysis and Design of Algorithms	CS 15-1703	CSE	2015	November 2020	Analysis and Design of Algorithms 2020 Nov (2015 Ad).pdf
Analysis and Design of Algorithms	CS 15-1703	CSE	2015	November 2021	Analysis and Design of Algorithms  2021 Nov (2015 Ad).pdf
Analysis and Design of Algorithms	CS 19-202-0603	CSE	2019	April 2022	Analysis and Design of Algorithms  2022 April ( 2019 Ad.pdf
Analysis and Design of Algorithms	CS 19-202-0603	CSE	2019	April 2026	Analysis and Design of Algorithms 2026 Apr (2019 Ad.).pdf
Analysis and Design of Algorithms	CS 19-202-0603	CSE	2019	June 2023	Analysis and Design of Algorithms 2023 June  (2019 Ad.)
Analysis and Design of Algorithms	CS 19-202-0603	CSE	2019	November 2022	Analysis and design of algorithms 2022 Nov (2019 Ad.).pdf
Analysis of Determinate Structures			2017	September 2024	Analysis of Determinate Structures  2024 Sep  (2017 Ad).pdf
Analysis of Determinate Structures	CE 15-1403	CE	2015	April 2017	Analysis of Determinate Structures 2017  April (2015 Ad).PDF
Analysis of Determinate Structures	CE 15-1403	CE	2015	April 2018	Analysis of Determinate Structures 2018 April (2015 Scheme).pdf
Analysis of Determinate Structures	CE 15-1403	CE	2015	April 2019	Analysis of Determinate Structures 2019 April (2015 Scheme).pdf
Analysis of Determinate structures	CE 15-1403	CE	2015	April 2022	Analysis of determinate structures 2022 April (2015 Ad.).pdf
Analysis of Determinate structures	CE 15-1403	CE	2015	February 2020	Analysis of determinate structures 2020 Feb (2015 scheme).pdf.pdf
Analysis of Determinate Structures	CE 19-201-0403	CE	2019	April 2026	Analysis of Determinate Structures 2026 Apr (2019 Ad.).pdf
Analysis of Determinate Structures	CE 19-201-0403	CE	2019	June 2022	Analysis of Determinate Structures 2022 June (2019 Ad.).pdf
Analysis of Determinate Structures	CE 19-201-0403	CE	2019	June 2024	Analysis of Determinate Structures 2024  June (2019 Ad.).pdf
Analysis of Indeterminate Structures	CE 15-1503	CE	2015	April 2018	Analysis of indeterminate structures 2018 April (2015 Ad).pdf
Analysis of Indeterminate Structures	CE 15-1503	CE	2015	April 2019	Analysis of indeterminate structures 2019 April (2015 Ad).pdf
Analysis of Indeterminate Structures	CE 15-1503	CE	2015	April 2021	Analysis of Indeterminate Structures 2021 Apr. (2015 Ad).pdf
Analysis of Indeterminate Structures	CE 15-1503	CE	2015	April 2022	Analysis of Indeterminate Structures 2022  April  (2015 Ad).pdf
Analysis of Indeterminate Structures	CE 15-1503	CE	2015	November 2017	Analysis of Indeterminate structures 2017 Nov (2015 Ad).pdf
Analysis of Indeterminate Structures	CE 15-1503	CE	2015	November 2020	Analysis of Indeterminate Structures 2020 Nov (2015 Ad).pdf
Analysis of Indeterminate Structures	CE 15-1503	CE	2015	November 2021	Analysis of Indeterminate Structures 2021 Nov (2015 Ad).pdf
Analysis of Indeterminate Structures	CE 15-1503	CE	2015	November 2022	Analysis of Indeterminate Structures 2022  Nov (2015 Ad).pdf
Analysis of Indeterminate Structures	CE 17P 1303	CE	2017	April 2019	Analysis of Indeterminate Structures 2019 April(2017 Ad.).pdf
Analysis of Indeterminate Structures	CE 17P 1303	CE	2017	April 2020	Analysis of Indeterminate Structures 2020 April(2017 Ad.).pdf
Analysis of Indeterminate Structures	CE 17P 1303	CE	2017	April 2022	Analysis of Indeterminate Structures 2022 April (2017 Ad.).pdf
Analysis of Indeterminate Structures	CE 19-201-0503	CE	2019	January 2023	Analysis of Indeterminate Structures   2023 Janu  (2019 Ad).pdf
Analysis of Indeterminate Structures	CE 19-201-0503	CE	2019	June 2024	Analysis of Indeterminate Structures   2024 June  (2019 Ad).pdf
Analysis of Indeterminate Structures	CE 19-201-0503	CE	2019	November 2021	Analysis of Indeterminate Structures   2021 Nov (2019 Ad).pdf
Analysis of Indeterminate Structures	CE 19-201-0503	CE	2019	November 2025	Analysis of Indeterminate Structures   2025 Nov (2019 Ad).pdf
Analysis of Indeterminate Structures	CE 19-201-0503	CE	2019	September 2022	Analysis of Indeterminate Structures   2022 Sept (2019 Ad).pdf
Analysis of Indeterminate Structures	LOG 503		2015	November 2018	Analysis of indeterminate structures 2018 Nov (2015 Ad).pdf
Analysis of Structures II	CE 23-201-0503	CE	2023	November 2025	Analysis of Structures- II. 2025 Nov (2023 Ad.).pdf
Android Programming	IT 19-204-0605	IT	2019	April 2022	Android Programming  2022 April (2019 Ad. ).pdf
Android Programming	IT 19-204-0605	IT	2019	April 2026	Android Programming 2026 Apr (2019 Ad.).pdf
Android Programming	IT 19-204-0605	IT	2019	June 2023	Android Programming  2023 June   (2019 Ad. ).pdf
Android Programming	IT 19-204-0605	IT	2019	May 2024	Antroid Programming 2024 May (2019 Ad.).pdf.pdf
Antennas and Propagation	EC 15-1702	ECE	2015	April 2019	Antennas and Propagation 2019 April (2015 Ad).pdf
Antennas and Propagation	EC 15-1702	ECE	2015	April 2021	Antennas and Propagation 2021 April (2015 Ad.).pdf
Antennas and Propagation	EC 15-1702	ECE	2015	April 2022	Antennas and propagation 2022 April (2015 Ad.).pdf
Antennas and Propagation	EC 15-1702	ECE	2015	November 2018	Antennas and Propagation 2018 Nov (2015 Ad).pdf
Antennas and Propagation	EC 15-1702	ECE	2015	November 2019	Antennas and Propagation 2019 Nov (2015 Ad).pdf
Antennas and Propagation	EC 15-1702	ECE	2015	November 2020	Antennas and Propagation 2020 Nov (2015 Ad).pdf
Antennas and Propagation	EC 15-1702	ECE	2015	November 2025	Antennas and Propagation 2025 Nov (2015 Ad).pdf
Antennas and Propagation	EC 19-203-0702	ECE	2019	April 2026	Antennas and Propagation 2026 Apr (2019 Ad.).pdf
Antennas and Propagation	EC 19-203-0702	ECE	2019	March 2023	Antennas and Propagation  2023 March (2019 Ad).pdf
Antennas and Propagation	EC 19-203-0702	ECE	2019	May 2024	Antennas and Propagation 2024 May (2019 Ad.).pdf.pdf
Antennas and Propagation	EC 19-203-0702	ECE	2019	November 2024	Antennas and Propagation 2024 Nov  (2019 Ad.).pdf
Antennas and Propagation	EC 19-203-0702	ECE	2019	November 2025	Antennas and Propagation  2025 Nov (2019 Ad).pdf
Applied Machine Learning	CS 23-202-0514	CSE	2023	November 2025	Applied Machine Learning Nov 2025(2023Ad.).pdf
Applied Machine Learning	CS 23-202-0514	CSE	2023	November 2025	Applied Machine Learning. 2025 Nov (2023 Ad.).pdf
Applied Thermodynamics			2017	September 2024	Applied Thermodynamics  2024 Sept  (2017 Ad)_0001.pdf
Applied Thermodynamics	ME 1404	ME	2012	April 2019	Applied Thermodynamics  2019 April  (2012 Ad).pdf
Applied Thermodynamics	ME 15-1404	ME	2015	April 2017	Applied Thermodynamics 2017  April (2015 Ad).PDF
Applied Thermodynamics	ME 15-1404	ME	2015	April 2018	Applied Thermodynamics 2018 April (2015 Scheme).pdf
Applied Thermodynamics	ME 15-1404	ME	2015	April 2019	Applied Thermodynamics 2019  April (2015 Scheme).pdf
Applied Thermodynamics	ME 15-1404	ME	2015	April 2022	Applied thermodynamics 2022 April (2015 Ad.).pdf
Applied Thermodynamics	ME 15-1404	ME	2015	February 2020	Applied thermodynamics 2020 Feb (2015 scheme).pdf.pdf
Applied Thermodynamics	ME 17P 1204	ME	2017	November 2020	Applied Thermodynamics 2020 Nov (2017 Ad).pdf
Applied Thermodynamics	ME 19-205-0404	ME	2019	April 2026	Applied Thermodynamics 2026 Apr (2019 Ad..pdf
Applied Thermodynamics	ME 19-205-0404	ME	2019	June 2022	Applied Thermodynamics 2022 June (2019 Ad.).pdf
Applied Thermodynamics	ME 19-205-0404	ME	2019	June 2024	Applied Thermodynamics 2024 June (2019 Ad.)_0001.pdf
Applied Thermodynamics	ME 23-205-0404	ME	2023	April 2025	Applied Thermodynamics 2025 April(2023 Ad.).pdf
Architecture and Town Planning	CE 15-1801	CE	2015	April 2022	Architecture and Town Planning 2022 April (2015 Ad.).pdf
Architecture and Town Planning	CE 15-1801	CE	2015	August 2022	Architecture and Town Planning 2022 August (2015 Ad.).pdf
Architecture and Town Planning	CE 15-1801	CE	2015	July 2019	Architecture and Town Planning 2019 July (2015 Ad).pdf
Architecture and Town Planning	CE 17P-1601	CE		November 2020	Architecture and Town Planning 2020 Nov.pdf
Artificial Intelligence	CS 15-1802	CSE	2015	April 2019	Artificial Intelligence 2019 April (2015 Ad).pdf
Artificial Intelligence	CS 15-1802	CSE	2015	April 2022	Artificial Intelligence 2022 April (2015 Ad.).pdf
Artificial Intelligence	CS 15-1802	CSE	2015	July 2019	Artificial Intelligence 2019 Jul (2015 Ad).pdf
Artificial Intelligence	CS 19-202-0801	CSE	2019	April 2023	Artificial Intelligence 2023 April (2019 Ad.).pdf
Artificial Intelligence	CS 19-202-0801	CSE	2019	July 2023	Artificial Intelligence 2023 July  (2019 Ad.)
Artificial Intelligence and Machine Learning	IT 19-204-0509	IT	2019	November 2021	Artificial intelligence and machine learning 2021 Nov (2019 Ad.).pdf
Artificial Neural Networks	CS 15-1705	CSE	2015	April 2019	Artificial Neural Networks 2019 April (2015 Ad).pdf
Artificial Neural Networks	CS 15-1705	CSE	2015	November 2018	Artificial Neural Networks 2018 Nov (2015 Ad).pdf
Artificial Neural Networks	CS 15-1705	CSE	2015	November 2019	Artificial Neural Networks 2019 Nov (2015 Ad).pdf
Automata Languages and Computations	CS 15-1404	CSE	2015	April 2017	Automata languages and computations 2017  April (2015 Ad).PDF
Automata Languages and Computations	CS 15-1404	CSE	2015	April 2019	Automata languages and computations 2019 April (2015 Scheme).pdf
Automata Languages and Computations	CS 15-1404	CSE	2015	April 2022	Automata languages and computations 2022 April (2015 Ad.).pdf
Automata Languages and Computations	CS 15-1404	CSE	2015	February 2020	Automata languages and computations 2020 Feb (2015 scheme).pdf.pdf
Automata Languages and Computations	CS 157 1404	CSE	2015	April 2018	Automata Languages and Computations 2018 April (2015 Scheme).pdf
Automata Languages and Computations	CS 19-202-0404	CSE	2019	April 2026	Automata Languages and Computations 2026 Apr (2019 Ad.).pdf
Automata Languages and Computations	CS 19-202-0404	CSE	2019	June 2022	Automata Languages and Computations 2022 June (2019 Ad.).pdf
Automata Languages and Computations	CS 19-202-0404	CSE	2019	June 2024	Automata Languages and Computations 2024 June (2019 Ad.).pdf
Automata Languages and Computations	CS 23-202-0306	CSE	2023	November 2024	Automata Languages and Computations. 2024 Nov (2023 Ad.).pdf
Automata Languages and Computations	CS 23-202-0306	CSE	2023	November 2025	Automata Languages and Computations 2025 nov (2023 Ad.).pdf
Automobile Engineering	ME 15-1704	ME	2015	April 2019	Automobile Engineering 2019 April (2015 Ad).pdf
Automobile Engineering	ME 15-1704	ME	2015	April 2021	Automobile Engineering 2021 April (2015 Ad)
Automobile Engineering	ME 15-1704	ME	2015	April 2022	Automobile Engineering 2022 April (2015 Ad.).pdf
Automobile Engineering	ME 15-1704	ME	2015	November 2018	Automobile Engineering 2018 Nov (2015 Ad).pdf
Automobile Engineering	ME 15-1704	ME	2015	November 2019	Automobile Engineering 2019 November(2015 Ad.).pdf
Automobile Engineering	ME 15-1704	ME	2015	November 2020	Automobile Engineering 2020 Nov (2015 Ad).pdf
Automobile Engineering	ME 15-1704	ME	2015	November 2021	Automobile Engineering 2021 Nov (2015 Ad).pdf
Automobile Engineering	ME 15-1704	ME	2015	November 2023	Automobile Engineering 2023 Nov (2015 Ad.).pdf
Automobile Engineering	ME 19-205-0706	ME	2019	April 2026	Automobile Engineering 2026 Apr (2019 Ad.).pdf
Automobile Engineering	ME 19-205-0706	ME	2019	March 2023	Automobile Engineering 2023 March (2019 Ad).pdf
Automobile Engineering	ME 19-205-0706	ME	2019	May 2024	Automobile Engineering 2024 May (2019 Ad.).pdf.pdf
Automobile Engineering	ME 19-205-0706	ME	2019	November 2023	Automobile Engineering 2023 Nov(2019Ad.).pdf
Automobile Engineering and Safety	SE 15-1705	SFE	2015	April 2021	Automobile Engineering and Safety 2021 April (2015 Ad)
Automobile Engineering and Safety	SE 15-1705	SFE	2015	November 2018	Automobile Engineering and Safety 2018 Nov (2015 Ad).pdf
Automobile Engineering and Safety	SE 15-1705	SFE	2015	November 2019	Automobile Engineering and Safety 2019 Nov (2015 Ad) E2.pdf
Automobile Engineering and Safety	SE 15-1705	SFE	2015	November 2019	Automobile Engineering and Safety 2019 Nov (2015 Ad).pdf
Automobile Engineering and Safety	SE 15-1705	SFE	2015	November 2020	Automobile Engineering and Safety 2020 Nov (2015 Ad).pdf
Automobile Engineering and safety	SE 15-1705	SFE	2015	November 2021	Automobile Engineering and safety 2021 November (2015 Ad).pdf
Basic civil engineering			2015	May 2016	Basic civil engineering 2016 May (2015 Ad.).PDF
Basic Civil Engineering	CE / ME / SE 23-200-0104	CE	2023	June 2024	Basic Civil Engineering 2024 June (2023 Ad.).pdf.pdf
Basic Civil Engineering	CE/ME/SE 23-200-0104	CE	2023	November 2023	Basic Civil  Engineering 2023 Nov (2023 Ad.).pdf
Basic Civil Engineering	CE/ME/SE 25-200-0104	CE	2025	November 2025	Basic Civil Engineering 2025 Nov (2025 Ad.).pdf
Basic Civil Engineering	CE/ME/SE/EE 19-200-0204	CE	2019	January 2023	Basic Civil Engineering  2023 Janu  (2019 Ad).pdf
Basic Civil Engineering	CE/ME/SE/EE 19-200-0204	CE	2019	July 2024	Basic Civil Engineering  2024 July   (2019 Ad)_0001.pdf
Basic Civil Engineering	CE/ME/SE/EE 19-200-0204	CE	2019	November 2023	Basic Civil Engineering  2023 Nov  (2019 Ad).pdf
Basic Civil Engineering	CS/EC/IT 19-200-0104	CSE	2019	March 2022	Basic Civil Engineering  2022 March (2019 Ad).pdf
Basic Civil Engineering	CS/EC/IT 19-200-0104	CSE	2019	November 2019	Basic Civil Engineering  2019 Nov (2019 Ad).pdf
Basic Civil Engineering	GE 15-1104		2015	April 2021	Basic Civil Engineering 2021 April  (2015 Ad).pdf
Basic Civil Engineering	GE 15-1104		2015	December 2016	Basic Civil Engineering 2016 Dec (2015 Ad).pdf
Basic Civil Engineering	GE 15-1104		2015	November 2017	Basic Civil Engineering 2017 Nov (2015 Ad).pdf
Basic Civil Engineering	GE 15-1104		2015	November 2018	Basic Civil Engineering 2018  Nov (2015 Ad).pdf
Basic Civil Engineering	GE 15-1104		2015	November 2019	Basic Civil Engineering 2019  Nov (2015 Ad).pdf
Basic Civil Engineering	GE 15-1204		2015	May 2017	Basic Civil Engineering 2017 May (2015 Ad).PDF
Basic Electrical Engineering			2015	May 2016	Basic Electrical Engineering 2016 May   (2015 Ad).PDF
Basic Electrical Engineering	CE/EE/ME/SE 19-200-0104	CE	2019	July 2024	Basic Electrical Engineering 2024 July (2019 Ad.).pdf
Basic Electrical Engineering	CE/EE/ME/SE 19-200-0104	CE	2019	June 2023	Basic Electrical Engineering   2023 June   (2019 Ad).pdf
Basic Electrical Engineering	CE/EE/ME/SE 19-200-0104	CE	2019	June 2023	Basic Electrical Engineering 2023 June (2019 Ad.).pdf
Basic Electrical Engineering	CE/EE/ME/SE 19-200-0104	CE	2019	March 2022	Basic Electrical Engineering   2022 March (2019 Ad).pdf
Basic Electrical Engineering	CE/ME/SE 23-200-0204	CE	2023	July 2024	Basic Electrical Engineering 2024 July (2023 Ad.).pdf
Basic Electrical Engineering	GE 15-1104		2015	April 20121	Basic Electrical Engineering 20121 April  (2015 Ad).pdf
Basic Electrical Engineering	GE 15-1104		2015	December 2016	Basic Electrical Engineering  2016  Dec  (2015 Ad).PDF
Basic Electrical Engineering	GE 15-1104		2015	November 2018	Basic Electrical Engineering 2018  Nov   (2015 Ad).pdf
Basic Electrical Engineering	GE 15-1104		2015	November 2019	Basic Electrical Engineering 2019  Nov   (2015 Ad).pdf
Basic Electrical Engineering	GE 15-1204		2015	April 2018	Basic Electrical Engineering 2018 April  (2015 Ad).pdf
Basic Electrical Engineering	GE 15-1204		2015	May 2017	Basic Electrical Engineering 2017 May (2015 Ad).PDF
Basic Electronics Engineering			2015	May 2016	Basic Electronics Engineering 2016 May (2015 Ad).pdf
Basic Electronics Engineering	CE/EE/ME/SE 19-200-0105	CE	2019	July 2024	Basic Electronics Engineering 2024 July (2019 Ad.).pdf
Basic Electronics Engineering	CE/EE/ME/SE 19-200-0105	CE	2019	June 2023	Basic Electronics Engineering 2023 June (2019 Ad.).pdf
Basic Electronics Engineering	CE/EE/ME/SE 19-200-0105	CE	2019	March 2022	Basic Electronics Engineering 2022 March (2019 Ad.).pdf
Basic Electronics Engineering	CE/EE/ME/SE 19-200-0105	CE	2019	November 2019	Basic Electronics Engineering 2019 Nov (2019 Ad.).pdf
Basic Electronics Engineering	CE/ME/SE 23-200-0205	CE	2023	July 2024	Basic Electronics Engineering 2024 July (2023 Ad.).pdf
Basic Electronics Engineering	GE 15-1105		2015	November 2018	Basic Electronics Engineering 2018 Nov   (2015 Ad).pdf
Basic Electronics Engineering	GE 15-1205		2015	April 2018	Basic Electronics Engineering 2018 April  (2015 Ad).pdf
Basic Electronics Engineering	GE 15-1205		2015	May 2017	Basic Electronics Engineering 2017 May (2015 Ad).PDF
Basic Mechanical Engineering			2015	May 2016	Basic mechanical engineering 2016 May  (2015 Ad.).PDF
Basic Mechanical Engineering			2015	May 2016	Basic Mechanical Engineering 2016 May (2015 Ad).pdf
Basic Mechanical Engineering	CE/EE/ME/SE 19-200-0205	CE	2019	January 2023	Basic Mechanical Engineering   2023 Janu  (2019 Ad).pdf
Basic Mechanical Engineering	CE/EE/ME/SE 19-200-0205	CE	2019	June 2023	Basic Mechanical Engineering   2023 June CS (2019 Ad).pdf
Basic Mechanical Engineering	CE/EE/ME/SE 19-200-0205	CE	2019	June 2023	Basic Mechanical Engineering  2023 June (2019 Ad) CE.pdf
Basic Mechanical Engineering	CE/ME/SE 23-200-0105	CE	2023	June 2024	Basic Mechanical Engineering 2024 June (2023 Ad.).pdf.pdf
Basic Mechanical Engineering	CE/ME/SE 23-200-0105	CE	2023	November 2023	Basic Mechanical Engineering 2023 Nov (2023 Ad.).pdf
Basic Mechanical Engineering	CE/ME/SE 25-200-0105	CE	2025	November 2025	Basic Mechanical Engineering 2025 Nov (2025 Ad.).pdf
Basic Mechanical Engineering	CS/EC/IT 19-200-0105	CSE	2019	November 2019	Basic Mechanical Engineering 2019 Nov (2019 Scheme).pdf
Basic Mechanical Engineering	CS/ECA/TE 19-200-0105	CSE	2019	March 2022	Basic Mechanical Engineering   2022 March (2019 Ad).pdf
Basic Mechanical Engineering	GE 15-1105		2015	March 2022	Basic Mechanical Engineering   2022 March (2015  Ad).pdf
Basic Mechanical Engineering	GE 15-1105		2015	November 2018	Basic Mechanical Engineering 2018  Nov  (2015 Ad).pdf
Basic Mechanical Engineering	GE 15-1105		2015	November 2019	Basic Mechanical Engineering 2019  Nov  (2015 Ad).pdf
Basic Mechanical Engineering	GE 15-1205		2015	April 2018	Basic Mechanical Engineering 2018  April  (2015 Ad).pdf
Basic Mechanical Engineering	GE 15-1205		2015	May 2017	Basic Mechanical Engineering 2017 May (2015 Ad).PDF
Big Data Analytics			2015	July 2019	Big Data Analytics  2019 Jul (2015 Ad).pdf
Big Data Analytics	CS 15-1804	CSE	2015	April 2019	Big Data Analytics 2019 April (2015 Ad).pdf
Big Data Analytics	CS 15-1804	CSE	2015	August 2022	Big Data Analytics 2022 August (2015 Ad.).pdf
Big Data Analytics	CS 19-202-0802	CSE	2019	April 2023	Big Data Analytics 2023 April (2019 Ad.).pdf
Big Data Analytics	IT 15-1605	IT	2015	April 2018	Big Data Analytics  2018 April  (2015 Ad).pdf
Big Data Analytics	IT 15-1605	IT	2015	April 2019	Big Data Analytics  2019 April  (2015 Ad).pdf
Big Data Analytics	IT 15-1605	IT	2015	January 2019	Big Data Analytics  2019 Janu   (2015 Ad).pdf
Big Data Analytics	IT 15-1605	IT	2015	July 2019	Big Data Analytics  2019 July (2015 Ad).pdf
Big Data Analytics	IT 19-204-0504	IT	2019	January 2023	Big Data Analytics 2023 Janu (2019 Ad).pdf
Big Data Analytics	IT 19-204-0504	IT	2019	June 2024	Big Data Analytics 2024 June  (2019 Ad).pdf
Big Data Analytics	IT 19-204-0504	IT	2019	November 2021	Big Data Analytics 2021 Nov (2019 Ad).pdf
Big Data Analytics	IT 19-204-0504	IT	2019	September 2022	Big Data Analytics 2022 Sept  (2019 Ad).pdf
Big Data Analytics	IT 23-204-0504	IT	2023	November 2025	Big Data Analytics. 2025 Nov (2023 Ad.).pdf
Big Data Analytics And Machine Learning	IT 23-204-0513	IT	2023	November 2025	Big Data Analytics And Machine Learning. 2025 Nov (2023 Ad.).pdf
Bio-Informatics	EC 15-1804(D)	ECE	2015	August 2022	Bio-Informatics 2022 August (2015 Ad.).pdf
Biochemical Engineering	CH 17P 1602			November 2020	Biochemical Engineering  2020 Nov.pdf
Biometric Technologies	CS 19-202-0706	CSE	2019	April 2026	Biometric Technologies 2026 Apr (2019 Ad.).pdf
Bridge Engineering	CE 19-201-0705	CE	2019	March 2023	Bridge Engineering 2023 March (2019 Ad).pdf
Bridge Engineering	CE 19-201-0705	CE	2019	May 2024	Bridge Engineering 2024 May (2019 Ad.).pdf.pdf
Bridge Engineering	CE 19-201-0705	CE	2019	November 2023	Bridge Engineering 2023 Nov (2019Ad.).pdf
Building Planning and Drawing	CE 15-1406	CE	2015	April 2017	Building Planning and Drawing 2017  April (2015 Ad).PDF
Building Planning and Drawing	CE 15-1406	CE	2015	February 2020	Building planning and drawing 2020 Feb (2015 scheme).pdf.pdf
Building Technology			2015	April 2021	Building Technology 2021 Apr.(2015 Ad).pdf
Building Technology	CE 15-1306	CE	2015	April 2019	Building Technology 2019 April(2015 Ad).pdf
Building Technology	CE 15-1306	CE	2015	May 2017	Building Technology 2017 May (2015 Ad).PDF
Building Technology	CE 15-1306	CE	2015	November 2018	Building Technology 2018 Nov (2015 Ad).pdf
Building Technology	CE 15-1306	CE	2015	November 2020	Building Technology 2020 Nov (2015 Ad).pdf
Building Technology	CE 15-1306	CE	2015	November 2021	Building Technology 2021 Nov (2015 Ad.).pdf
Building Technology and Functional Planning	CE 23-201-0306	CE	2023	November 2025	Building Technology and Functional Planning 2025 Nov (2023 Ad.).pdf
Building Technology and Planning	CE 19-201-0406	CE	2019	June 2022	Building Technology and Planning 2022 June (2019 Ad.).pdf
Building Technology and Planning	CE 19-201-0406	CE	2019	June 2023	Building Technology and Planning 2023 June (2019 Ad).pdf
Building Technology and Planning	CE 19-201-0406	CE	2019	June 2024	Building Technology and Planning 2024 June (2019 Ad)_0001.pdf
Business Intelligence and Analytics	CS 19-202-0711	CSE	2019	April 2026	Business Intelligence and Analytics 2026 Apr (2019 Ad.).pdf
Business Intelligence and Analytics	CS 19-202-0711	CSE	2019	March 2023	Business Intelligence and Analytics 2023 March (2019 Ad).pdf
Business Intelligence and Analytics	CS 19-202-0711	CSE	2019	May 2024	Business Intelligence and Analytics 2024 May (2019 Ad.).pdf.pdf
CAD/CAM	17-218-0504/ME 17P 1504	ME	2017	 April 2023	CAD.pdf
CAD/CAM	ME 15-1605	ME	2015	April 2018	CAD or CAM 2018 April  (2015 Ad).pdf
CAD/CAM	ME 15-1605	ME	2015	January 2019	CAD or CAM 2019 Janu   (2015 Ad).pdf
CAD/CAM	ME 17-218-0504	ME	2017	May 2025	CAD -CAM 2025 May (2017 Ad.).pdf
CAD/CAM	ME 19-205-0605	ME	2019	April 2022	CAD CAM   2022 April (2019 Ad. ).pdf
CAD/CAM	ME 19-205-0605	ME	2019	April 2026	CADCAM 2026 Apr (2019 Ad.).pdf
CAD/CAM	ME 19-205-0605	ME	2019	June 2023	CAD CAM   2023 June (2019 Ad. ).pdf
Calculus			2015	May 2016	Calculus  2016 May (2015 Ad.).PDF
Calculus	AS 15-1101	Applied Science and Humanities	2015	April 2021	Calculus 2021 April  (2015 Ad).pdf
Calculus	AS 15-1101	Applied Science and Humanities	2015	November 2018	Calculus 2018 Nov  (2015 Ad).pdf
Calculus	AS 15-1201	Applied Science and Humanities	2015	April 2018	Calculus 2018 April   (2015 Ad).pdf
Calculus	AS 15-1201	Applied Science and Humanities	2015	May 2017	Calculus 2017 May (2015 Ad).PDF
Calculus	CE/EE/ME/SE 19-200-0201	CE	2019	July 2024	Calculus 2024 July (2019 Ad.).pdf
Calculus	CE/EE/ME/SE 19-200-0201	CE	2019	June 2023	Calculus 2023 June (2019 Ad.).pdf
Calculus	CE/EE/ME/SE 19-200-0201	CE	2023	July 2024	Calculus  2024 jULY  (2023 Scheme).pdf
Calculus	CE/ME/SE 23-200-0101	CE	2023	June 2024	Calculus 2024 June (2023 Ad.).pdf
Calculus	CS/EC/IT 19-200-0101	CSE	2023	November 2023	Calculus 2023 Nov  (2023 Ad.).pdf
Calculus	CS/ECAT 19-200-0101	CSE	2019	November 2019	Calculus 2019 Nov (2019 Ad.).pdf
Calculus	CS/ECIET 19-200-0101	CSE	2019	March 2022	Calculus 2022 March (2019 Ad.).pdf
Chemical Engineering Design and Drawing	CH 17-210-0701		2017	May 2024	Chemical Engineering Design and Drawing 2024 May (2017 Ad.).pdf.pdf
Chemical Engineering Thermodynamics	CH 17P 1303		2017	April 2022	Chemical Engineering Thermodynamics 2022 April (2017 Ad.).pdf.pdf
Chemical Engineering Thermodynamics I	CH 17P 1303		2017	April 2019	Chemical Engineering Thermodynamics I 2019 April(2017 Ad.).pdf
Chemical Engineering Thermodynamics II	CH 17P 1403		2017	November 2020	Chemical Engineering Thermodynamics II   2020  Nov (2017 Ad).pdf
Chemical Process Calculations			2017	September 2024	Chemical Process Calculations 2024 Sept  (2017 Ad)_0001.pdf
Chemical Process Calculations	CH 17P 1204		2017	November 2020	Chemical Process Calculations 2020 Nov (2017 Ad).pdf
Chemical Process Principles	SE 15-1302	SFE	2015	April 2021	Chemical Process Principles 2021 Apr. (2015 Ad).pdf
Chemical Process Principles	SE 15-1302	SFE	2015	May 2017	Chemical Process Principles 2017 May (2015 Ad).PDF
Chemical Process Principles	SE 15-1302	SFE	2015	November 2016	Chemical Process Principles 2016 Nov  (2015 Ad).PDF
Chemical Process Principles	SE 15-1302	SFE	2015	November 2020	Chemical Process Principles  2020 Nov (2015 Ad).pdf
Chemical Process Principles	SE 15-1302	SFE	2015	November 2021	Chemical Process Principles 2021 Nov (2015 Ad.).pdf
Chemical Process Principles	SE 19-206-0302	SFE	2019	February 2022	Chemical process Principles 2022 February (2019 Ad.).pdf
Chemical Process Principles	SE 19-206-0302	SFE	2019	July 2024	Chemical process Principles 2024 July  (2019 Ad.)_0001.pdf
Chemical Process Principles	SE 19-206-0302	SFE	2019	November 2023	Chemical process Principles 2023 Nov (2019 Ad.).pdf
Chemical Process Safety	SE 15-1506	SFE	2015	April 2018	Chemical Process Safety 2018 April (2015 Ad).pdf
Chemical Process Safety	SE 15-1506	SFE	2015	April 2021	Chemical Process Safety 2021 Apr.(2015 Ad).pdf
Chemical Process Safety	SE 15-1506	SFE	2015	November 2017	Chemical Process Safety 2017 Nov (2015 Ad).pdf
Chemical Process Safety	SE 15-1506	SFE	2015	November 2021	Chemical Process Safety 2021 Nov (2015 Ad).pdf
Chemical Process Safety	SE 19-206-0603	SFE	2019	April 2022	Chemical Process Safety 2022 April (2019 Ad.pdf
Chemical Process Safety	SE 19-206-0603	SFE	2019	April 2026	Chemical Process Safety 2026 Apr (2019 Ad.).pdf
Chemical Process Safety	SE 19-206-0603	SFE	2019	November 2022	Chemical process safety 2022 Nov (2019 Ad.).pdf
Chemical Reaction Engineering I	CH 17P 1402		2017	November 2020	Chemical Reaction Engineering I  2020  Nov (2017 Ad).pdf
Chemical Reaction Engineering I	CH 17P 1502		2017	April 2023	Chemical Reaction Engineering I  2023 April  (2017 Ad).pdf
Chemical Technology and Reaction Engineering	SE 15-1502	SFE	2015	April 2021	Chemical Technology and Reaction Engineering 2021 April (2015 Ad).pdf
Chemical Technology and Reaction Engineering	SE 15-1502	SFE	2015	November 2017	Chemical Technology and Reaction Engineering 2017 Nov (2015 Ad).pdf
Chemical Technology and Reaction Engineering	SE 15-1502	SFE	2015	November 2020	Chemical Technology and Reaction Engineering 2020 Nov (2015 Ad).pdf
Chemical Technology and Reaction Engineering	SE 15-1502	SFE	2015	November 2021	Chemical Technology and Reaction Engineering 2021 Nov (2015 Ad).pdf
Chemical Technology and Reaction Engineering	SE 15-1502	SFE	2015	November 2022	Chemical Technology and Reaction Engineering 2022 Nov (2015 Ad).pdf
Chemical Technology and Reaction Engineering	SE 19-206-0502	SFE	2019	January 2023	Chemical Technology and Reaction Engineering 2023 Janu  (2019 Ad).pdf
Chemical Technology and Reaction Engineering	SE 19-206-0502	SFE	2019	June 2024	Chemical Technology and Reaction Engineering 2024 June (2019 Ad.).pdf
Chemical Technology and Reaction Engineering	SE 19-206-0502	SFE	2019	November 2021	Chemical Technology and Reaction Engineering 2021 Nov (2019 Ad).pdf
Chemical Technology and Reaction Engineering	SE 19-206-0502	SFE	2019	November 2025	Chemical Technology and Reaction Engineering 2025 Nov (2019 Ad).pdf
Chemical Technology and Reaction Engineering	SE 19-206-0502	SFE	2019	September 2022	Chemical Technology and Reaction Engineering 2022 Sept  (2019 Ad).pdf
Chemical Technology and Reaction Engineering	SE 23-206-0505	SFE	2023	November 2025	Chemical Technology And Reaction Engineering. 2025 Nov (2023 Ad.).pdf
Circuits and Networks	EE 15-1303	EEE	2015	April 2018	Circuits and networks 2018 April (2015 Ad).pdf
Circuits and Networks	EE 15-1303	EEE	2015	April 2021	Circuits and Networks 2021 Apr.(2015 Ad).pdf
Circuits and Networks	EE 15-1303	EEE	2015	May 2017	Circuits and Networks   2017  May (2015 Ad).PDF
Circuits and Networks	EE 15-1303	EEE	2015	November 2016	Circuits and networks 2016 Nov (2015 Ad).pdf
Circuits and Networks	EE 15-1303	EEE	2015	November 2017	Circuits and networks 2017 Nov (2015 Ad).pdf
Circuits and Networks	EE 15-1303	EEE	2015	November 2020	Circuits and networks 2020 Nov (2015 Ad).pdf
Circuits and Networks	EE 15-1303	EEE	2015	November 2021	Circuits and Networks  2021 No  (2015 Ad.).pdf
Circuits and Networks	EE 19-209-0303	EEE	2019	February 2022	Circuits and Networks  2022 February (2019 Ad.).pdf
Circuits and Networks	EE 19-209-0303	EEE	2019	July 2024	Circuits and Networks  2024 July (2019 Ad.)_0001.pdf
Circuits and Networks	EE 23-209-0303	EEE	2023	November 2025	Circuits and Networks 2025 Nov (2023 Ad.).pdf
Circuits Signals and Systems	EE 15-1402	EEE	2015	April 2017	Circuits Signals and Systems 2017  April (2015 Ad).PDF
Circuits Signals and Systems	EE 15-1402	EEE	2015	April 2019	Circuits Signals and Systems 2019  April (2015 Ad).pdf
Circuits Signals and Systems	EE 15-1402	EEE	2015	April 2021	Circuits, Signals and Systems 2021 April (2015 Scheme).pdf
Circuits Signals and Systems	EE 15-1402	EEE	2015	April 2022	Circuits, Signals and Systems 2022 April (2015 Ad.).pdf
Circuits Signals and Systems	EE 15-1402	EEE	2015	February 2020	Circuits Signals and Systems 2020 Feb  (2015 Ad).pdf
Circuits Signals and Systems	EE 19-209-0402	EEE	2019	April 2026	Circuits, Signals and Systems 2026 Apr (2019 Ad.).pdf
Circuits Signals and Systems	EE 19-209-0402	EEE	2019	June 2022	Circuits, Signals and Systems 2022 June (2019 Ad.).pdf
Circuits Signals and Systems	EE 19-209-0402	EEE	2019	June 2024	Circuits, Signals and Systems 2024 June (2019 Ad.).pdf
Circuits Signals and Systems	EF 15-1402		2015	April 2018	Circuits Signals and Systems 2018  April (2015 Ad).pdf
Cloud Computing	CS 15-1804	CSE	2015	April 2022	Cloud Computing 2022 April (2015 Ad.).pdf
Cloud Computing	CS 19-202-0806	CSE	2019	April 2023	Cloud Computing 2023 April (2019 Ad.).pdf
Cloud Computing	CS15-1804	CSE	2015	August 2022	Cloud Computing 2022 August (2015 Ad.).pdf
Cloud Computing	IT 15-1604	IT	2015	April 2018	Cloud Computing  2018 April   (2015 Ad).pdf
Cloud Computing	IT 15-1604	IT	2015	April 2022	Cloud Computing 2022 April (2015 Ad. )
Cloud Computing	IT 15-1604	IT	2015	January 2019	Cloud Computing  2019 January    (2015 Ad).pdf
Cloud Computing	IT 19-204-0604	IT	2019	April 2022	Cloud Computing  2022 April (2019 Ad. ).pdf
Cloud Computing	IT 19-204-0604	IT	2019	April 2026	Cloud Computing 2026 Apr (2019 Ad.).pdf
Cloud Computing	IT 19-204-0604	IT	2019	June 2023	Cloud computing 2023 June  (2019 Ad.)
Cloud Computing	IT 19-204-0604	IT	2019	May 2024	Cloud Computing 2024 May (2019 Ad.).pdf.pdf
Cloud Computing	IT 19-204-0604	IT	2019	November 2022	Cloud computing 2022 Nov (2019 Ad.).pdf
Communication Engineering	EE 19-209-0703	EEE	2019	April 2026	Communication Engineering 2026 Apr (2019 Ad.).pdf
Communication Engineering	EE 19-209-0703	EEE	2019	March 2023	Communication Engineering  2023 March (2019 Ad).pdf
Communication Engineering	EE 19-209-0703	EEE	2019	November 2025	Communication Engineering  2025 Nov (2019 Ad).pdf
Communication Engineering I	EC 15-1405	ECE	2015	April 2017	Communication Engineeiring I 2017  April (2015 Ad).PDF
Communication Engineering I	EC 15-1405	ECE	2015	April 2019	Communication Engineering I 2019 April (2015 Scheme).pdf
Communication Engineering I	EC 15-1405	ECE	2015	February 2020	Communication engineering I 2020 Feb (2015 scheme).pdf.pdf
Communication Engineering I	EC 19-203-0405	ECE	2019	April 2026	Communication Engineering I 2026 Apr (2019 Ad.).pdf
Communication Engineering I	EC 19-203-0405	ECE	2019	July 2024	Communication Engineering I 2024 July   (2019 Scheme)_0001.pdf
Communication Engineering I	EC 19-203-0405	ECE	2019	June 2022	Communication Engineering I 2022 June  (2019 Scheme).pdf
Communication Engineering II	EC 15-1504	ECE	2015	April 2019	Communication Engineering II 2019 April (2015 Ad).pdf
Communication Engineering II	EC 15-1504	ECE	2015	April 2021	Communication Engineering II 2021 April (2015 Ad).pdf
Communication Engineering II	EC 15-1504	ECE	2015	November 2018	Communication Engineering II 2018 Nov (2015 Ad).pdf
Communication Engineering II	EC 15-1504	ECE	2015	November 2022	Communication Engineering II 2022 Nov (2015 Ad).pdf
Communication Engineering II	EC 19-203-0503	ECE	2019	January 2023	Communication Engineering II 2023 Janu  (2019 Ad).pdf
Communication Engineering II	EC 19-203-0503	ECE	2019	June 2024	Communication Engineering II 2024 June (2019 Ad.).pdf
Communication Engineering II	EC 19-203-0503	ECE	2019	November 2021	Communication Engineering II 2021 Nov (2019 Ad).pdf
Communication Engineering II	EC 19-203-0503	ECE	2019	November 2025	Communication Engineering II 2025 Nov (2019 Ad).pdf
Communication Engineering II	EC 19-203-0503	ECE	2019	September 2022	Communication Engineering II 2022 Sept  (2019 Ad).pdf
Compiler Construction	CS 19-202-0602	CSE	2019	April 2022	Compiler Construction 2022 April ( 2019 Ad.)
Compiler Construction	CS 19-202-0602	CSE	2019	April 2022	Compiler Construction 2022 April ( 2019 Ad.).pdf
Compiler Construction	CS 19-202-0602	CSE	2019	April 2026	Compiler Construction 2026 Apr (2019 Ad.).pdf
Compiler Construction	CS 19-202-0602	CSE	2019	June 2023	Compiler Construction 2023 June ( 2019 Ad.)
Compiler construction	CS 19-202-0602	CSE	2019	November 2022	Compiler construction 2022 Nov (2019 Ad.).pdf
Compiler Construction	CS/IT 15-1602	CSE	2015	April 2018	Compiler Construction 2018 April  (2015 Ad).pdf
Compiler Construction	CS/IT 15-1602	CSE	2015	April 2019	Compiler Construction 2019 April (2015 Scheme).pdf
Compiler Construction	CS/IT 15-1602	CSE	2015	January 2019	Compiler Construction 2019 Jan (2015 Ad).pdf
Compiler Construction	CSAT 15-1602	CSE	2015	April 2022	Compiler Construction 2022 April (2015 Ad. )
Compiler Construction	CSAT 15-1602	CSE	2015	July 2019	Compiler Construction 2019 Jul (2015 Ad).pdf
Compiler Design	IT 19-204-0602	IT	2019	April 2022	Compiler Design 2022 April (2019 Ad. )
Compiler Design	IT 19-204-0602	IT	2019	April 2026	Compiler Design 2026 Apr (2019 Ad.).pdf
Compiler design	IT 19-204-0602	IT	2019	June 2023	Compiler design 2023 June  (2019 Ad.)
Compiler Design	IT 19-204-0602	IT	2019	May 2024	Compiler Design 2024 May (2019 Ad.).pdf.pdf
Compiler design	IT 19-204-0602	IT	2019	November 2022	Compiler design 2022 Nov (2019 Ad.).pdf
Compiler design	IT 23-204-0501	IT	2023	November 2025	Compiler design Nov 2025 (2023 Ad.).pdf
Complex Variables and Partial Differential Equations			2015	April 2017	Complex Variables and Partial Differential Equations 2017 Apr (2015 Ad).PDF
Complex Variables and Partial Differential Equations			2015	April 2021	Complex Variables and Partial Differential Equations 2021 Apr (2015 Ad).pdf
Complex Variables and Partial Differential Equations			2019	June 2024	Complex Variables and Partial Differential Equations 2024 June  (2019 Ad).pdf
Complex Variables and Partial Differential Equations	AS 15-1401	Applied Science and Humanities	2015	April 2018	Complex Variables and Partial Differential Equations 2018 Apr (2015 Ad).pdf
Complex Variables and Partial Differential Equations	AS 15-1401	Applied Science and Humanities	2015	April 2019	Complex Variables and Partial Differential Equations 2019 Apr (2015 Ad).pdf
Complex Variables and Partial Differential Equations	AS 15-1401	Applied Science and Humanities	2015	February 2020	Complex Variables and Partial Differential Equations 2020 Feb (2015 Ad).pdf
Complex Variables and Partial Differential Equations	CE/ME/SE 23-200-0401	CE	2023	April 2025	Complex Variables  and Partial Differential Equations 2025 April(2023 Ad.).pdf
Complex Variables and Transform Techniques			2017	September 2024	Complex Variables and Transform Techniques 2024 Sept  (2017 Ad).pdf
Complex Variables and Transform Techniques	AS 17P 1201	Applied Science and Humanities	2017	November 2020	Complex Variables and Transform Techniques 2020 Nov (2017 Ad).pdf
Compressible Fluid Flow			2015	April 2022	Compressible Fluid Flow 2022 April (2015 Ad.).pdf
Compressible Fluid Flow	ME 15-1801	ME	2015	July 2019	Compressive Fluid Flow 2019 Jul (2015 Ad).pdf
Compressible Fluid Flow	ME 17-218-0701	ME	2017	May 2024	Compressible Fluid Flow 2024 May (2017 Ad.).pdf.pdf
Compressible Fluid Flow	ME 19-205-0801	ME	2019	April 2023	Compressible Fluid Flow 2023 April (2019 Ad).pdf
Compressible Fluid Flow	ME 19-205-0801	ME	2019	July 2023	Compressible Fluid Flow 2023 July  (2019 Ad).pdf
Computational Techniques for Electronics and Communication Engineering	EC 19-203-0302	ECE	2019	February 2022	Computational Techniques for Electronics and Communication Engineering 2022 Feb (2019 Ad.).pdf
Computational Techniques for Electronics and Communication Engineering	EC 19-203-0302	ECE	2019	July 2024	Computational Techniques for Electronics and Communication Engineering 2024 july (2019 Ad.)_0001.pdf
Computational Techniques for Electronics and Communication Engineering	EC 19-203-0302	ECE	2019	November 2023	Computational Techniques for Electronics and Communication Engineering 2023 Nov (2019 Ad.).pdf
Computational Thinking	IT 23-204-0411	IT	2023	April 2025	Computational Thinking 2025 April (2023 Ad.).pdf
Computer Aided Machine Drawing	ME/SE/EE/CE 23-205-0310	ME	2023	November 2024	Computer -Aided Machine Drawing.2024 Nov (2023 Ad.).pdf
Computer Architecture and Organization	CS 15-1403	CSE	2015	2018	Computer Architecture and organisation 2018(2015 Ad).pdf
Computer Architecture and Organization	CS 15-1403	CSE	2015	April 2017	Computer Architecture and Organization 2017  April (2015 Ad).PDF
Computer Architecture and Organization	CS 15-1403	CSE	2015	April 2019	Computer Architecture and Organization 2019 April (2015 Ad).pdf
Computer Architecture and Organization	CS 15-1403	CSE	2015	April 2020	Computer Architecture and Organization 2020  April (2015 Ad).pdf
Computer Architecture and Organization	CS 15-1403	CSE	2015	April 2022	Computer Architecture and Organization 2022 April (2015 Ad).pdf
Computer Architecture and Organization	CS 19-202-0403	CSE	2019	April 2022	Computer Architecture and Organization 2022 April (2019 Ad.).pdf
Computer Architecture and Organization	CS 19-202-0403	CSE	2019	April 2024	Computer Architecture and Organization 2024 April (2019 Ad.).pdf
Computer Architecture and Organization	CS 19-202-0403	CSE	2019	April 2026	Computer Architecture and Organization 2026 Apr (2019 Ad.).pdf
Computer Architecture and Organization	CS 23-202-0302	CSE	2023	November 2025	Computer Architecture and Organization 2025 Nov (2023 Ad.).pdf
Computer Communication and Networking	EC 15-1803	ECE	2015	April 2022	Computer Communication and Networking 2022 April (2015 Ad.).pdf
Computer Communication and Networking	EC 15-1803	ECE	2015	August 2022	Computer Communication and Networking 2022 August (2015 Ad.).pdf
Computer Communication and Networking	EC 15-1803	ECE	2015	July 2019	Computer Communication and Networking 2019 Jul (2015 Ad).pdf
Computer Communication and Networking	EC 19-203-0802	ECE	2019	April 2023	Computer Communication and Networking 2023 April (2019 Ad.).pdf
Computer Graphics	CS 15-1506	CSE	2015	April 2021	Computer Graphics 2021 April (2015 Ad).pdf
Computer Graphics	CS 15-1506	CSE	2015	April 2022	Computer Graphics 2022 April (2015 Ad).pdf
Computer Graphics	CS 15-1506	CSE	2015	November 2017	Computer Graphics  2017  Nov   (2015  Ad).pdf
Computer Graphics	CS 15-1506	CSE	2015	November 2020	Computer Graphics 2020 Nov (2015 Ad).pdf
Computer Graphics	CS 15-1506	CSE	2015	November 2021	Computer Graphics 2021 Nov (2015 Ad).pdf
Computer Graphics	CS 19-202-0504	CSE	2019	January 2023	Computer Graphics  2023 Janu    (2019  Ad).pdf
Computer Graphics	CS 19-202-0504	CSE	2019	June 2024	Computer Graphics 2024 June (2019 Ad.).pdf
Computer Graphics	CS 19-202-0504	CSE	2019	November 2021	Computer Graphics  2021  Nov   (2019  Ad).pdf
Computer Graphics	CS 19-202-0504	CSE	2019	September 2022	Computer Graphics  2022  Sept    (2019  Ad).pdf
Computer Graphics	CS 23-202-0504	CSE	2023	November 2025	Computer Graphics. 2025 Nov (2023 Ad.).pdf
Computer Graphics	IT 15-1703	IT	2015	April 2019	Computer Graphics 2019 April (2015 Ad).pdf
Computer Graphics	IT 15-1703	IT	2015	April 2021	Computer Graphics 2021 April (2015 Ad)
Computer Graphics	IT 15-1703	IT	2015	April 2022	Computer Graphics 2022 April (2015 Ad.).pdf
Computer Graphics	IT 15-1703	IT	2015	November 2018	Computer Graphics 2018 Nov (2015 Ad).pdf
Computer Graphics	IT 15-1703	IT	2015	November 2019	Computer Graphics 2019 Nov  (2015 Ad).pdf
Computer Graphics	IT 15-1703	IT	2015	November 2021	Computer Graphics 2021 Novr (2015 Ad).pdf
Computer Graphics and Visual Computing	IT 19-204-0703	IT	2019	April 2026	Computer Graphics and Visual Computing 2026 Apr (2019 Ad.).pdf
Computer Graphics and Visual Computing	IT 19-204-0703	IT	2019	March 2023	Computer Graphics and Visual Computing   2023 March (2019 Ad).pdf
Computer Graphics and Visual Computing	IT 19-204-0703	IT	2019	May 2024	Computer Graphics and Visual Computing   2024 May  (2019 Ad).pdf
Computer Networks			2019	April 2026	Computer Networks 2026 Apr (2019 Ad.).pdf
Computer Networks	CS 15-1601	CSE	2015	April 2018	Computer Networks 2018 April  (2015 Ad).pdf
Computer Networks	CS 15-1601	CSE	2015	January 2019	Computer Networks 2019 January   (2015 Ad).pdf
Computer Networks	CS 15-1601	CSE	2015	July 2019	Computer Networks 2019 Jul (2015 Ad).pdf
Computer Networks	CS 19-202-0601	CSE	2019	April 2022	Computer Networks 2022 April (2019 Ad. )
Computer Networks	CS 19-202-0601	CSE	2019	November 2022	Computer Networks 2022  Nov  (2019 Ad. ).pdf
Computer Networks	CS 19-202-0601	CSE	2019	November 2022	Computer networks 2022 Nov (2019 Ad.).pdf
Computer Organisation and Architecture	EC 15-1705(D)	ECE	2015	November 2019	Computer Organisation and Architechture 2019 Nov (2015 Ad).pdf
Computer Organisation and Architecture	IT 19-204-0306	IT	2019	July 2024	Computer Organisation  and Architecture  2024 July (2019 Ad).pdf
Computer Organization	IT 15-1305	IT	2015	April 2021	Computer Organization 2021 Apr.(2015 Ad).pdf
Computer Organization	IT 15-1305	IT	2015	May 2017	Computer Organization 2017 May (2015 Ad).PDF
Computer Organization	IT 15-1305	IT	2015	November 2020	Computer Organization 2020 Nov (2015 Ad).pdf
Computer Organization and Architecture	IT 19-204-0306	IT	2019	November 2025	Computer Organization and Architecture 2025 Nov (2019Ad.).pdf
Computer Organization and Architecture	IT 23-204-0306	IT	2023	November 2024	Computer Organization and Architecture .2024 Nov (2023 Ad.).pdf
Computer Organization and Architecture	IT 23-204-0306	IT	2023	November 2025	Computer Organization and Architecture 2025 Nov (2023 Ad.).pdf
Computer Programming			2015	May 2016	Computer programming 2016   May (2015 Ad).PDF
Computer Programming	CE/EE/ME/SE 19-200-0101	CE	2019	July 2024	Computer Programming 2024 July (2019 Ad.).pdf
Computer Programming	CE/EE/ME/SE 19-200-0101	CE	2019	June 2023	Computer Programming     2023 June  (2019 Ad) CE EE.pdf
Computer Programming	CE/EE/ME/SE 19-200-0101	CE	2019	June 2023	Computer Programming 2023 June (2019 Ad.).pdf
Computer Programming	CE/EE/ME/SE 19-200-0101	CE	2019	March 2022	Computer Programming 2022 March (2019 Ad.).pdf
Computer Programming	EE/EC/CS/IT 25-200-0105	EEE	2025	November 2025	Computer Programming 2025 Nov (2025 Ad.).pdf
Computer Programming	EE/EC/CSAT 23-200-0105	EEE	2023	November 2023	Computer Programming 2023 Nov (2023 Ad.).pdf
Computer Programming	GE 15-1101		2015	April 2021	Computer Programming 2021 April  (2015 Ad).pdf
Computer Programming	GE 15-1101		2015	November 2018	Computer Programming 2018 Nov   (2015 Ad).pdf
Computer Programming	GE 15-1101		2015	November 2019	Computer Programming 2019 Nov   (2015 Ad).pdf
Computer Programming	GE 15-1201		2015	April 2018	Computer Programming 2018 April  (2015 Ad).pdf
Computer Programming	GE 15-1201		2015	May 2017	Computer Programming 2017 May (2015 Ad).PDF
Computer Programming	GE 17P 1102		2017	April 2019	Computer Programming 2019 April(2017 Ad.).pdf
Computer Programming	GE 17P 1102		2017	April 2020	Computer Programming 2020 April(2017 Ad.).pdf
Computer Programming and Problem Solving	CE/ME/SE 23-200-0201	CE	2023	July 2024	Computer Programming and Problem Solving 2024 July (2023 Ad).pdf
Concrete Technology	CE 15-1304	CE	2015	April 2019	Concrete Technology 2019 April(2015 Ad).pdf
Concrete Technology	CE 15-1304	CE	2015	April 2021	Concrete Technology 2021 Apr.(2015 Ad).pdf
Concrete Technology	CE 15-1304	CE	2015	May 2017	Concrete Technology 2017 May (2015 Ad).PDF
Concrete Technology	CE 15-1304	CE	2015	November 2018	Concrete Technology 2018 Nov (2015 Ad).pdf
Concrete Technology	CE 15-1304	CE	2015	November 2020	Concrete Technology 2020 Nov (2015 Ad).pdf
Concrete Technology	CE 19-201-0304	CE	2019	February 2022	Concrete Technology 2022 February (2019 Ad.).pdf
Concrete Technology	CE 19-201-0304	CE	2019	July 2024	Concrete Technology 2024 July  (2019 Ad.).pdf
Concrete Technology	CE 19-201-0304	CE	2019	November 2023	Concrete Technology 2023 Nov  (2019 Ad.).pdf
Concrete Technology	CE 23-201-0304	CE	2023	November 2024	Concrete Technology 2024 Nov (2023 Ad.).pdf
Concrete Technology	CE 23-201-0304	CE	2023	November 2025	Concrete Technology 2025 Nov (2023 Ad.).pdf
Constitutional Law	IT/ME/SE/EE 19-200-0814	IT	2019	April 2023	Constitutional Law 2023 April (2019 Ad.).pdf
Constitutional Law	IT/ME/SE/EE 19-200-0814	IT	2019	April 2024	Constitutional Law 2024 April (2019 Ad. ).pdf
Constitutional Law	IT/ME/SE/EE 19-200-0814	IT	2019	July 2023	Constitutional Law 2023 July  (2019 Ad.)
Construction Management	CE 15-1703	CE	2015	April 2019	Construction Management 2019 April (2015 Ad).pdf
Construction Management	CE 15-1703	CE	2015	April 2021	Construction Management 2021 April (2015 Ad).pdf
Construction Management	CE 15-1703	CE	2015	November 2019	Construction Management 2019 Nov (2015 Ad).pdf
Construction Management	CE 15-1703	CE	2015	November 2020	Construction Management 2020 Nov (2015 Ad).pdf
Construction Management	CE 17P 1604	CE	2017	November 2020	Construction Management 2020 November (2017 Ad.).pdf
Construction Management	CE 19-201-0605	CE	2019	April 2026	Construction Management 2026 Apr (2019 Ad.).pdf
Construction Management	CE 19-201-0605	CE	2019	June 2023	Construction Management  2023 June (2019 Ad).pdf
Construction Safety and Fire Engineering	CE 15-1803	CE	2015	April 2019	Construction Safety and Fire Engineering 2019 April (2015 Ad).pdf
Construction Safety and Fire Engineering	CE 15-1803	CE	2015	April 2022	Construction Safety and Fire Engineering 2022 April (2015 Ad.).pdf
Construction Safety and Fire Engineering	CE 15-1803	CE	2015	August 2022	Construction Safety and Fire Engineering 2022 August (2015 Ad.).pdf
Construction Safety and Fire Engineering	CE 15-1803	CE	2015	July 2019	Construction Saftey And Fire Engineering 2019 July (2015 Ad).pdf
Construction Safety and Fire Engineering	CE 17P 1603	CE		November 2020	Construction Safety and Fire Engineering 2020 Nov.pdf
Construction Safety and Fire Engineering	CE 19-201-0804	CE	2019	April 2023	Construction safety and Fire Engineering 2023 April (2019 Ad.).pdf
Construction Safety and Fire Engineering	CE 19-201-0804	CE	2019	April 2024	Construction Safety and Fire Engineering 2024 April (2019 Ad. ).pdf
Control System for Smart Mobility	ME/SE/EE/CE 23-209-0311	ME	2023	November 2024	Control System for Smart Mobility 2024 Nov (2023 Ad.).pdf
Control System I	EE 19-209-0502	EEE	2019	June 2024	Control System I 2024 June (2019 Ad.).pdf
Control System II	EE 19-209-0605	EEE	2019	June 2023	Control System II 2023 June (2019 Ad).pdf
Control Systems Engineering	EC 15-1704	ECE	2015	April 2019	Control Systems Engineering 2019 April (2015 Ad).pdf
Control Systems Engineering	EC 15-1704	ECE	2015	April 2021	Control Systems engineering 2021 April (2015 Ad.).pdf
Control Systems Engineering	EC 15-1704	ECE	2015	April 2022	Control Systems engineering 2022 April (2015 Ad.).pdf
Control Systems Engineering	EC 15-1704	ECE	2015	November 2020	Control Systems Engineering 2020 Nov (2015 Ad).pdf
Control Systems Engineering	EC 15-1704	ECE	2018	November 2018	Control Systems Engineering 2018 Nov (2018 Ad).pdf
Control Systems Engineering	EC 15-1704	ECE	2018	November 2019	Control Systems Engineering 2019 Nov (2018 Ad).pdf
Control Systems Engineering	EC 19-203-0601	ECE	2019	April 2002	Control Systems Engineering 2002 April (2019 Ad.)
Control Systems Engineering	EC 19-203-0601	ECE	2019	April 2026	Control Systems Engineering 2026 Apr (2019 Ad.).pdf
Control Systems Engineering	EC 19-203-0601	ECE	2019	November 2002	Control Systems Engineering 2002 Nov  (2019 Ad.pdf
Control Systems Engineering	EC 19-203-0601	ECE	2019	November 2022	Control systems engineering 2022 Nov (2019 Ad.).pdf
Control Systems I	EE 15-1605	EEE	2015	April 2018	Control Systems I   2018  April  (2015 Ad).pdf
Control Systems I	EE 15-1605	EEE	2015	January 2019	Control Systems I   2019  Janu  (2015 Ad).pdf
Control Systems I	EE 19-209-0502	EEE	2019	January 2023	Control Systems I 2023 Janu (2019 Ad).pdf
Control Systems I	EE 19-209-0502	EEE	2019	November 2021	Control Systems I 2021 Nov (2019 Ad).pdf
Control Systems I	EE 19-209-0502	EEE	2019	November 2025	Control Systems I 2025 Nov (2019 Ad).pdf
Control Systems I	EE 19-209-0502	EEE	2019	September 2022	Control Systems I 2022 Sept (2019 Ad).pdf
Control Systems I	EE 23-209-0502	EEE	2023	November 2025	Control Systems-I. 2025 Nov (2023 Ad.).pdf
Control Systems II	EE 15-1704	EEE	2015	April 2019	Control Systems II 2019 April (2015 Ad).pdf
Control Systems II	EE 15-1704	EEE	2015	April 2021	Control Systems II 2021 April (2015 Ad)
Control systems II	EE 15-1704	EEE	2015	April 2022	Control systems II 2022 April (2015 Ad.).pdf
Control Systems II	EE 15-1704	EEE	2015	November 2018	Control Systems II 2018 Nov (2015 Ad).pdf
Control Systems II	EE 15-1704	EEE	2015	November 2019	Control Systems II 2019 Nov (2015 Ad).pdf
Control Systems II	EE 15-1704	EEE	2015	November 2020	Control Systems II 2020 Nov (2015 Ad).pdf
Control Systems II	EE 19-209-0605	EEE	2019	April 2026	Control Systems II 2026 Apr (2019 Ad.).pdf
Cryogenic Engineering	ME 15-1804	ME	2015	April 2019	Cryogenic Engineering 2019 April (2015 Ad).pdf
Cryptography and Network Security	CS 15-1603	CSE	2015	April 2018	Cryptography And Network Security 2018  April (2015 Ad).pdf
Cryptography and Network Security	CS 15-1603	CSE	2015	April 2019	Cryptography And Network Security 2019 April (2015).pdf
Cryptography and Network Security	CS 15-1603	CSE	2015	July 2019	Cryptography and Network Security 2019 Jul (2015 Ad).pdf
Cryptography and Network Security	CS 19-202-0703	CSE	2019	March 2023	Cryptography and Network Security 2023 March (2019 Ad).pdf
Cryptography and Network Security	CS 19-202-0703	CSE	2019	May 2024	Cryptography and Network Security 2024 May (2019 Ad.).pdf.pdf
Cryptography and Network Security	CS 19-202-0703	CSE	2019	November 2025	Cryptography and Network Security 2025 Nov (2019 Ad).pdf
Cyber Laws and Information Security	IT 19-204-0805	IT	2019	April 2023	Cyber Laws and Information Security 2023 April ( 2019 Ad.).pdf
Cyber Laws And Information Security	IT 19-204-0805	IT	2019	April 2024	Cyber Laws And Information Security 2024 April (2019 Ad.).pdf
Cyberspace and Information System Security	CS 19-202-0811	CSE	2019	April 2023	Cyberspace and Information System Security 2023 April (2019 Ad.).pdf
Cyberspace and Information System Security	CS 19-202-0811	CSE	2019	July 2023	Cyberspace and Information System Security 2023 July  (2019 Ad.)
Cyrogenic Engineering	ME 15-1804	ME	2015	July 2019	Cyrogenic Engineering 2019 Jul (2015 Ad).pdf
Data and Computer Communication	CS 15-1306	CSE	2015	April 2018	Data and computer communication 2018 April (2015 Ad).pdf
Data and Computer Communication	CS 15-1306	CSE	2015	April 2021	Data and Computer Communication 2021 Apr.(2015 Ad).pdf
Data and Computer Communication	CS 15-1306	CSE	2015	May 2017	Data and Computer Communication 2017 May (2015 Ad).PDF
Data and Computer Communication	CS 15-1306	CSE	2015	November 2016	Data and computer communication 2016 Nov (2015 Ad).pdf
Data and Computer Communication	CS 15-1306	CSE	2015	November 2020	Data and Computer Communication 2020 Nov (2015 Ad).pdf
Data and Computer Communication	CS 15-1306	CSE	2015	November 2021	Data and Computer Communication 2021 Nov (2015 Ad.).pdf
Data and Computer Communication	CS 19-202-0306	CSE	2019	February 2022	Data and Computer Communication 2022 February (2019 Ad.).pdf
Data and Computer Communication	CS 19-202-0306	CSE	2019	July 2024	Data and Computer Communication 2024 July  (2019 Ad.).pdf
Data and Computer Communication	CS 19-202-0306	CSE	2019	November 2025	Data and Computer Communication_ 2025 Nov (2019Ad.).pdf
Data and Computer Communication	CS 23-202-0404	CSE	2023	April 2025	Data and Computer Communication 2025 April(2023 Ad.).pdf
Data Communication	IT 23-204-0402	IT	2023	April 2025	Data Communication 2025 April (2023 Ad.).pdf
Data Communication and Networking			2019	June 2022	Data Communication and Networking 2022 June (2019 Ad.).pdf
Data Communication and Networking	IT 15-1306	IT	2015	April 2021	Data Communication and Networking 2021 Apr.(2015 Ad).pdf
Data Communication and Networking	IT 15-1306	IT	2015	May 2017	Data Communication and Networking 2017 May (2015 Ad).PDF
Data Communication and Networking	IT 15-1306	IT	2015	November 2020	Data Communication and Networking 2020 Nov (2015 Ad).pdf
Data Communication and Networking	IT 19-204-0402	IT	2019	July 2024	Data Communication and Networking 2024 July  (2019 Ad.).pdf
Data Mining	CS 15-1604	CSE	2015	April 2018	Data Mining 2018 April  (2015 Ad).pdf
Data Mining	CS 15-1604	CSE	2015	April 2019	Data Mining 2019 April (2015).pdf
Data Mining	CS 15-1604	CSE	2015	January 2019	Data Mining 2019 January   (2015 Ad).pdf
Data Mining	CS 15-1604	CSE	2015	July 2019	Data Mining 2019 Jul (2015 Ad).pdf
Data Mining	CS 19-202-0604	CSE	2019	April 2022	Data Mining  2022 April (2019 Ad. ).pdf
Data Mining	CS 19-202-0604	CSE	2019	April 2026	Data Mining 2026 Apr (2019 Ad.).pdf
Data Mining	CS 19-202-0604	CSE	2019	June 2023	Data Mining  2023 June  (2019 Ad. ).pdf
Data Mining	CS 19-202-0604	CSE	2019	November 2022	Data mining 2022 Nov (2019 Ad.).pdf
Data Mining	CS 23-202-0503	CSE	2023	November 2025	Data Mining 2025 Nov (2023 Ad.).pdf
Data Security and Cryptography	IT 19-204-0702	IT	2019	March 2023	Data Security and Cryptography 2023 March (2019 Ad).pdf
Data Security and Cryptography	IT 19-204-0702	IT	2019	May 2023	Data Security and Cryptography 2023 May  (2019 Ad).pdf
Data Security and Cryptography	IT 19-204-0702	IT	2019	November 2024	Data Security and Cryptography 2024 Nov  (2019 Ad.)_0001.pdf
Data Security and Cryptography	IT 19-204-0702	IT	2019	November 2025	Data Security and Cryptography 2025 Nov (2019 Ad.).pdf.pdf
Data Structures and Algorithms	CS 19-202-0405	CSE	2019	April 2026	Data Structures and Algorithms 2026 Apr (2019 Ad.).pdf
Data Structures and Algorithms	CS 19-202-0405	CSE	2019	June 2022	Data Structures and Algorithms 2022 June (2019 Ad.).pdf
Data Structures and Algorithms	CS 19-202-0405	CSE	2019	June 2024	Data Structures and Algorithms 2024 June (2019 Ad.).pdf
Data Structures and Algorithms	CS 23-202-0304	CSE	2023	November 2024	Data Structures and Algorithms. 2024 Nov (2023 Ad.).pdf
Data Structures and Algorithms	CS 23-202-0304	CSE	2023	November 2025	Data Structures and Algorithms 2025 Nov (2023 Ad.).pdf
Data Structures and Algorithms	CS/IT 15-1405	CSE	2015	April 2017	Data Structures and Algorithms 2017  April (2015 Ad).PDF
Data Structures and Algorithms	CS/IT 15-1405	CSE	2015	April 2022	Data structures and Algorithms 2022 April (2015 Ad.).pdf
Data Structures and Algorithms	CSAT 15-1405	CSE	2015	April 2019	Data Structures and Algorithms 2019  April (2015 Ad).pdf
Data Structures and Algorithms	CSAT 15-1405	CSE	2015	February 2020	Data structures and algorithms 2020 Feb (2015 Ad).pdf.pdf
Data Structures and Algorithms	EC 19-203-0605	ECE	2019	April 2022	Data Structures and Algorithms 2022 April (2019 Ad).pdf
Data Structures and Algorithms	EC 19-203-0605	ECE	2019	June 2023	Data Structures and Algorithms 2023 June  (2019 Ad).pdf
Data Structures and Algorithms	EC 19-203-0605	ECE	2019	June 2023	Data Structures and Algorithms 2023 June  (2019 Ad)1.pdf
Data Structures and Algorithms in C	IT 19-204-0305	IT	2019	February 2022	Data Structures and Algorithms in C 2022 Feb (2019 Ad).pdf
Data Structures and Algorithms in C++	IT 23-204-0305	IT	2023	November 2024	Data Structures and Algorithms in C++. 2024 Nov (2023 Ad.).pdf
Data Structures and Algorithms in C++	IT 23-204-6305	IT		2023	Data Structures and Algorithms in C++ (2023 Ad.).pdf
Database Management Systems	CS 19-202-0406	CSE	2019	June 2022	Database Management Systems 2022 June (2019 Ad.).pdf
Database Management Systems	CS 19-202-0406	CSE	2019	June 2024	Database Management Systems 2024 June (2019 Ad.)_0001.pdf
Database Management Systems	CS/IT 15-1406	CSE	2015	April 2018	Database Management Systems 2018 April (2015).pdf
Database Management Systems	CSAT 15-1406	CSE	2015	April 2017	Database Management Systems 2017  April (2015 Ad).PDF
Database Management Systems	CSAT 15-1406	CSE	2015	February 2020	Database managemnet systems 2020 Feb (2015 Ad).pdf.pdf
Database Management Systems	IT 19-204-0304	IT	2019	February 2022	Database Management System 2022 Feb (2019 Ad).pdf
Database Management Systems	IT 19-204-0304	IT	2019	July 2024	Database Management System 2024 July (2019 Ad).pdf
Database Management Systems	IT 19-204-0304	IT	2019	November 2023	Database Management System 2023 Nov (2019 Ad).pdf
Database Management Systems	IT 23-204-0304	IT	2023	November 2024	Database Management System. 2024 Nov (2023 Ad.).pdf
Database Management Systems	IT 23-204-0304	IT	2023	November 2025	Database Management Systems 2025 Nov (2023 Ad.).pdf
Database Management Systems	T 15-1406		2015	April 2022	Database Management Systems 2022 April (2015).pdf
Deep Learning	IT 19-204-0603	IT	2019	April 2022	Deep Learning  2022 April (2019 Ad. ).pdf
Deep Learning	IT 19-204-0603	IT	2019	April 2026	Deep Learning 2026 Apr (2019 Ad.).pdf
Deep Learning	IT 19-204-0603	IT	2019	May 2024	Deep Learning 2024 May (2019 Ad.).pdf.pdf
Deep Learning	IT 19-204-0603	IT	2019	November 2022	Deep Learning 2022 Nov (2019 Ad.).pdf
Design and Analysis of Algorithms	IT 15-1504	IT	2015	April 2018	Design and analysis of algorithms 2018 April (2015 Ad).pdf
Design and Analysis of Algorithms	IT 15-1504	IT	2015	April 2021	Design and Analysis of Algorithms 2021 Apr.(2015 Ad).pdf
Design and Analysis of Algorithms	IT 15-1504	IT	2015	November 2017	Design and analysis of algorithms 2017 Nov (2015 Ad).pdf
Design and Analysis of Algorithms	IT 19-204-0503	IT	2019	January 2023	Design and Analysis of Algorithms 2023 Janu  (2019 Ad.)
Design and Analysis of Algorithms	IT 19-204-0503	IT	2019	June 2024	Design and Analysis of Algorithms 2024 June (2019 Ad.).pdf
Design and Analysis of Algorithms	IT 19-204-0503	IT	2019	November 2021	Design and Analysis of Algorithms 2021 Nov (2019 Ad.).pdf
Design and Analysis of Algorithms	IT 19-204-0503	IT	2019	September 2022	Design and Analysis of Algorithms 2022 Sept  (2019 Ad.).pdf
Design and Analysis of Algorithms	TT 23-204-0406		2023	April 2025	Design and analysis of Algorithms  2025 April (2023 Ad.).pdf
Design of Concrete Structures I			2015	November 2018	Design of Concrete Structrures I 2018 Nov (2015 Ad).pdf
Design of Concrete Structures I	CE 15-1502	CE	2015	April 2019	Design of Concrete Structrures I 2019 April (2015 Ad).pdf
Design of Concrete Structures I	CE 15-1502	CE	2015	April 2021	Design of Concrete Strustures I 2021 Apr.(2015 Ad).pdf
Design of Concrete Structures I	CE 15-1502	CE	2015	April 2022	Design of Concrete Strustures I 2022  Apr.(2015 Ad).pdf
Design of Concrete Structures I	CE 15-1502	CE	2015	November 2017	Design of Concrete Structrures I 2017 Nov (2015 Ad).pdf
Design of Concrete Structures I	CE 15-1502	CE	2015	November 2020	Design of Concrete Structures I 2020 Nov (2015 Ad).pdf
Design of Concrete Structures I	CE 15-1502	CE	2015	November 2021	Design of Concrete Structures I 2021  Nov (2015 Ad).pdf
Design of Concrete Structures I	CE 15-1502	CE	2015	November 2025	Design of Concrete Strustures I 2025 Nov.(2015 Ad).pdf
Design of Concrete Structures I	CE 17P 1402	CE	2017	November 2020	Design of Concrete Structures I   2020  Nov (2017 Ad).pdf
Design of Concrete Structures I	CE 19-201-0502	CE	2019	January 2023	Design of Concrete Structures I   2023 Janu  (2019 Ad)1.pdf
Design of Concrete Structures I	CE 19-201-0502	CE	2019	June 2024	Design iof Concrete Structures-I 2024 June (2019 Ad.).pdf
Design of Concrete Structures I	CE 19-201-0502	CE	2019	November 2021	Design of Concrete Structures I   2021 Nov  (2019 Ad)1.pdf
Design of Concrete Structures I	CE 19-201-0502	CE	2019	November 2025	Design of Concrete Structures I 2025 Nov (2019 Ad.).pdf
Design of Concrete Structures I	CE 19-201-0502	CE	2019	September 2022	Design of Concrete Structures I   2022 Sept  (2019 Ad)1.pdf
Design of Concrete Structures I	CE 23-201-0502	CE	2023	November 2025	Design of Concrete Structures-I. 2025 Nov (2023 Ad.).pdf
Design of Concrete Structures II	CE 15-1702	CE	2015	April 2019	Design of Concrete Structures II 2019 April (2015 Ad).pdf
Design of Concrete Structures II	CE 15-1702	CE	2015	April 2021	Design of Concrete Structures II 2021 April (2015 Ad).pdf
Design of Concrete Structures II	CE 15-1702	CE	2015	April 2022	Design of concrete structures II 2022 April (2015 Ad.).pdf
Design of Concrete Structures II	CE 15-1702	CE	2015	November 2019	Design of Concrete Structures II 2019 Nov (2015 Ad).pdf
Design of Concrete Structures II	CE 15-1702	CE	2015	November 2020	Design of Concrete Structures II 2020  Nov (2015 Ad).pdf
Design of Concrete Structures II	CE 15-1702	CE	2015	November 2021	Design of concrete structures II 2021 Nov (2015 Ad.).pdf
Design of Concrete Structures II	CE 15-1702	CE	2015	November 2023	Design of Concrete structures II 2023 Nov (2015 Ad.).pdf
Design of Concrete Structures II	CE 17P- 1602	CE	2017	November 2020	Design of Concerete Structures - II 2020 November (2017 Ad.).pdf
Design of Concrete Structures II	CE 19-201-0703	CE	2019	April 2026	Design of Concrete Structures-II 2026 Apr (2019 Ad.).pdf
Design of Concrete Structures II	CE 19-201-0703	CE	2019	March 2023	Design of Concrete Structures II 2023 March (2019 Ad).pdf
Design of Concrete Structures II	CE 19-201-0703	CE	2019	May 2024	Design of Concrete Structures II 2024 May (2019 Ad.).pdf.pdf
Design of Concrete Structures II	CE 19-201-0703	CE	2019	November 2023	Design of concrete structures II 2023 Nov  (2019 Ad.).pdf
Design of Concrete Structures II	CE 19-201-0703	CE	2019	November 2025	Design of Concrete Structures II 2025 Nov (2019 Ad).pdf
Design Of Steel Structures	CE 15-1602	CE	2015	April 2018	Design Of Steel Structures 2018 April  (2015 Ad).pdf
Design Of Steel Structures	CE 15-1602	CE	2015	April 2019	Design Of Steel Structures 2019 April (2015).pdf
Design of Steel Structures	CE 15-1602	CE	2015	April 2022	Design of Steel Structures 2022 April (2015 Ad.)
Design Of Steel Structures	CE 15-1602	CE	2015	January 2019	Design Of Steel Structures 2019 Jan (2015 Ad).pdf
Design of Steel Structures	CE 15-1602	CE	2015	July 2019	Design of Steel Structures 2019 Jul (2015 Ad).pdf
Design of Steel Structures	CE 17P-1502	CE	2017	April 2023	Design of Steel Structures  2023 April (2017 Ad.).pdf
Design of Steel Structures	CE 19-201-0602	CE	2019	April 2022	Design of Steel Structures 2022 April (2019 Ad).)
Design of Steel Structures	CE 19-201-0602	CE	2019	April 2026	Design of Steel Structures 2026 Apr (2019 Ad.).pdf
Design of Structures II			2015	April 2022	Design of Structures II 2022 April (2015 Ad. )
Design Thinking	IT 19-204-0810	IT	2019	April 2023	Design Thinking 2023 April ( 2019 Ad.).pdf
Design Thinking	IT 19-204-0810	IT	2019	April 2024	Design Thinking 2024 April (2019 Ad.).pdf
Design Thinking	IT 19-204-0810	IT	2019	July 2023	Design Thinking 2023 July  ( 2019 Ad.)
DevOps Engineering	IT 19-204-0606(IE)	IT	2019	April 2022	DevOps Engineering  2022 April (2019 Ad. ).pdf
DevOps Engineering	IT 19-204-0606(IE)	IT	2019	April 2026	DevOps Engineering 2026 Apr (2019 Ad.).pdf
DevOps Engineering	IT 19-204-0606(IE)	IT	2019	May 2024	DevOps Engineering 2024 May (2019 Ad.).pdf.pdf
DevOps Engineering	IT 19-204-0606(IE)	IT	2019	November 2022	DevOps Engineering 2022 Nov (2019 Ad.).pdf
Differential Euations And Complex Variables	CS/EC/IT/EE 23-200-0301	CSE	2023	November 2025	Differential Euations And Complex Variables. 2025 Nov (2023 Ad.).pdf
Digital Communication Engineering	EC 23-203-0503	ECE	2023	November 2025	Digital Communication Engineering. 2025 Nov (2023 Ad.).pdf
Digital Electronics	EC 15-1304	ECE	2015	April 2018	Digital Electronics  2018 April  (2015 Ad).PDF
Digital Electronics	EC 15-1304	ECE	2015	May 2017	Digital Electronics  2017  May (2015 Ad).PDF
Digital Electronics	EC 15-1304	ECE	2015	November 2017	Digital Electronics  2017 Nov (2015 Ad).pdf
Digital Electronics	EC 15-1304	ECE	2015	November 2020	Digital Electronics 2020 Nov (2015 Ad).pdf
Digital Electronics	EC 15-1304	ECE	2015	November 2022	Digital Electronics 2022 Nov (2015 Ad).pdf
Digital Electronics	EC 19-203-0304	ECE	2019	February 2022	Digital Electronics 2022 February (2019 Ad.).pdf
Digital Electronics	EC 19-203-0304	ECE	2019	July 2024	Digital Electronics 2024 July  (2019 Ad.).pdf
Digital Electronics	EC 19-203-0304	ECE	2019	November 2023	Digital Electronics 2023 Nov (2019 Ad.).pdf
Digital Electronics	EE 15-1405	EEE	2015	April 2017	Digital Electronics 2017  April (2015 Ad).PDF
Digital Electronics	EE 15-1405	EEE	2015	April 2018	Digital Electronics 2018 April (2015).pdf
Digital Electronics	EE 15-1405	EEE	2015	April 2019	Digital Electronics 2019  April (2015 Ad).pdf
Digital Electronics	EE 15-1405	EEE	2015	April 2022	Digital Electronics 2022 April (2015 Ad.).pdf
Digital Electronics	EE 15-1405	EEE	2015	February 2020	Digital Electronics 2020 Feb  (2015 Ad).pdf
Digital Electronics	EE 19-209-0405	EEE	2019	April 2026	Digital Electronics 2026 Apr (2019 Ad.).pdf
Digital Electronics	EE 19-209-0405	EEE	2019	June 2022	Digital Electronics 2022 June (2019 Ad.).pdf
Digital Electronics	EE 19-209-0405	EEE	2019	June 2024	Digital Electronics 2024 June (2019 Ad.).pdf
Digital Electronics	EE/EC/CS/IT 23-200-0203	EEE	2023	July 2024	Digital Electronics 2024 July (2023 Ad.).pdf
Digital Electronics	IT 19-204-0302	IT	2019	February 2022	Digital Electronics 2022 Feb (2019 Ad).pdf
Digital Electronics	IT 19-204-0302	IT	2019	July 2024	Digital Electronics 2024 july  (2019 Ad)_0001.pdf
Digital Image Processing	EC 15-1703	ECE	2015	April 2019	Digital Image processing 2019 April (2015 Ad).pdf
Digital Image Processing	EC 15-1703	ECE	2015	April 2021	Digital Image Processing 2021 April (2015 Ad.).pdf
Digital Image Processing	EC 15-1703	ECE	2015	April 2022	Digital Image Processing 2022 April (2015 Ad.).pdf
Digital Image Processing	EC 15-1703	ECE	2015	November 2020	Digital Image Processing 2020 Nov (2015 Ad).pdf
Digital Image Processing	EC 15-1703	ECE	2018	November 2018	Digital Image processing 2018 Nov (2018 Ad).pdf
Digital Image Processing	EC 15-1703	ECE	2018	November 2019	Digital Image processing 2019 Nov (2018 Ad).pdf
Digital Image Processing	EC 19-203-0703	ECE	2019	April 2026	Digital Image Processing 2026 Apr (2019 Ad.).pdf
Digital Image Processing	EC 19-203-0703	ECE	2019	March 2023	Digital Image Processing  2023 March (2019 Ad).pdf
Digital Image Processing	EC 19-203-0703	ECE	2019	May 2024	Digital Image Processing 2024 May (2019 Ad.).pdf.pdf
Digital Image Processing	EC 19-203-0703	ECE	2019	November 2025	Digital Image Processing  2025 Nov (2019 Ad).pdf
Digital Signal Processing	EC 15-1506	ECE	2015	April 2021	Digital Signal Processing  2021 Apr.(2015 Ad).pdf
Digital Signal Processing	EC 15-1506	ECE	2015	November 2018	Digital Signal Processing 2018 Nov (2015 Ad).pdf
Digital Signal Processing	EC 15-1506	ECE	2015	November 2022	Digital Signal Processing 2022 Nov (2015 Ad).pdf
Digital Signal Processing	EC 19-203-0505	ECE	2019	January 2023	Digital Signal Processing 2023 Janu  (2019 Ad).pdf
Digital Signal Processing	EC 19-203-0505	ECE	2019	June 2024	Digital Signal processing 2024 June (2019 Ad.).pdf
Digital Signal Processing	EC 19-203-0505	ECE	2019	September 2022	Digital Signal Processing 2022 Sept (2019 Ad).pdf
Digital Signal Processing	EE 15-1602	EEE	2015	April 2018	Digital Signal Processing   2018 April  (2015 Ad).pdf
Digital Signal Processing	EE 15-1602	EEE	2015	April 2022	Digital Signal Processing 2022 April (2015 Ad. )
Digital Signal Processing	EE 15-1602	EEE	2015	January 2019	Digital Signal Processing   2019 January  (2015 Ad).pdf
Digital Signal Processing	EE 15-1602	EEE	2015	January 2019	Digital Signal Processing 2019 Jan (2015 Ad).pdf
Digital Signal Processing	EE 19-209-0602	EEE	2019	April 2022	Digital Signal Processing 2022 April (2019 Ad. )
Digital Signal Processing	EE 19-209-0602	EEE	2019	April 2026	Digital Signal Processing 2026 Apr (2019 Ad.).pdf
Digital Signal Processing	EE 19-209-0602	EEE	2019	November 2022	Digital signal processing 2022 Nov (2019 Ad.).pdf
Digital Signal Processing	EE 23-209-0504	EEE	2023	November 2025	Digital Signal Processing. 2025 Nov (2023 Ad.).pdf
Digital Systems Design	EC 15-1406	ECE	2015	April 2017	Digital System Design  2017  April (2015 Ad).pdf
Digital Systems Design	EC 15-1406	ECE	2015	February 2020	Digital systems design 2020 Feb (2015 scheme).pdf.pdf
Digital Systems Design	EC 19-203-0404	ECE	2019	April 2026	Digital System Design 2026 Apr (2019 Ad.).pdf
Digital Systems Design	EC 19-203-0404	ECE	2019	June 2022	Digital Systems Design 2022 June (2019 Ad).pdf
Digital Systems Design	EC 19-203-0404	ECE	2019	June 2024	Digital Systems Design 2024 June (2019 Ad).pdf
Digital Systems Design	EC 23-203-0304	ECE	2023	November 2024	Digital System Design. 2024 Nov (2023 Ad.).pdf
Digital Systems Design	EC 23-203-0304	ECE	2023	November 2025	Digital Systems Design 2025 Nov (2023 Ad).pdf
Disaster Management	SE 15-1803	SFE	2015	August 2022	Disaster management 2022 August (2015 Ad.).pdf
Disaster Management	SE 15-1803	SFE	2015	July 2019	Disaster Mangement 2019 Jul (2015 Ad).pdf
Disaster Management	SE 19-206-0506	SFE	2019	June 2024	Disaster Management 2024 June (2019 Ad.).pdf
Disaster Management	SE 19-206-0506	SFE	2019	November 2021	Disaster Management 2021 Nov (2019 Ad.).pdf
Disaster Management	SE19-206-0506	SFE	2019	September 2022	Disaster Management 2022 Sept   (2019 Ad.).pdf
Discrete Computational Structures	CS / TT 23-202-0303	CSE	2023	November 2025	Discrete Computational Structures 2025 Nov (2023 Ad.).pdf
Discrete Computational Structures	CS/IT 15-1303	CSE	2015	April 2021	Discrete Computational Structures 2021 Apr. (2015 Ad).pdf
Discrete Computational Structures	CS/IT 15-1303	CSE	2015	April 2021	Discrete Computational Structures 2021 Apr.(2015 Ad).pdf
Discrete Computational Structures	CS/IT 15-1303	CSE	2015	November 2020	Discrete Computational Structures 2020 Nov (2015 Ad).pdf
Discrete Computational Structures	CS/IT 19-202-0303	CSE	2019	April 2024	Discrete Computational Structures 2024 April   (2019 Ad.).pdf
Discrete Computational Structures	CS/IT 19-202-0303	CSE	2019	July 2024	Discrete Computational Structures 2024 July    (2019 Ad.).pdf
Discrete Computational Structures	CSAIT 23-202-0303	CSE	2023	November 2024	Discrete Computational Structures 2024 Nov (2023 Ad.).pdf
Discrete Computational Structures	CSAT 15-1303	CSE	2015	November 2017	Discrete computational structures 2017 Nov (2015 Ad).pdf
Discrete Computational Structures	CSAT 19-202-0303	CSE	2019	February 2022	Discrete Computational Structures 2022 February (2019 Ad.).pdf
Discrete Computational Structures	CST 15-1303	CSE	2015	November 2021	Discrete Computational Structures 2021 Nov (2015 Ad.).pdf
Discrete Computational Structures	CST 19-202-0303	CSE	2019	November 2023	Discrete Computational Structures 2023 Nov  (2019 Ad.).pdf
Discrete Computational Structures	EC 15-1302	ECE	2015	April 2018	Discrete Computational Structures 2018 April (2015 Ad).pdf
Discrete Computational Structures	EC 15-1302	ECE	2015	May 2017	Discrete Computational Structures 2017 May (2015 Ad) (2).PDF
Discrete Computational Structures	EC 15-1302	ECE	2015	November 2016	Discrete Computational Structures 2016 Nov (2015 Ad).PDF
Discrete Computational Structures	EC 15-1302	ECE	2015	November 2017	Discrete computational structures  2017 Nov (2015 Ad).pdf
Discrete Computational Structures	EC 15-1302	ECE	2015	November 2020	Discrete Comutational Structures 2020 Nov (2015 Ad).pdf
Discrete Computational Structures	EC 15-1302	ECE	2015	November 2021	Discrete Computational Structures 2021 Nov  (2015 Ad.).pdf
Discrete Computational Structures	T 15-1303		2015	May 2017	Discrete Computational Structures 2017 May (2015 Ad).PDF
Distributed Computing	CS 15-1803	CSE	2015	April 2019	Distributed  Computing 2019 April (2015).pdf
Distributed Computing	CS 15-1803	CSE	2015	April 2022	Distributed Computing 2022 April (2015 Ad.).pdf
Distributed Computing	CS 15-1803	CSE	2015	August 2022	Distributed Computing 2022 August (2015 Ad.).pdf
Distributed Computing	CS 15-1803	CSE	2015	July 2019	Distributed Computing  2019 Jul (2015 Ad).pdf
DSP	EI 1506		2022	August 2012	DSP 2012 V EC aug 2022.pdf
Dynamics of Machinery	ME 15-1601	ME	2015	April 2022	Dynamics of Machinery 2022 April (2015 Ad. )
Dynamics of Machinery	ME 15-1601	ME	2015	January 2019	Dynamics of Machinery  2019 Janu  (2015 Ad).pdf
Dynamics of Machinery	ME 17P 1401	ME	2017	November 2020	Dynamics of Machinery  2020  Nov (2017 Ad).pdf
Dynamics of Machinery	ME 19-205-0601	ME	2019	April 2022	Dynamics of Machinery  2022 April (2019 Ad. ).pdf
Dynamics of Machinery	ME 19-205-0601	ME	2019	April 2026	Dynamics of Machinery 2026 Apr (2019 Ad.).pdf
Dynamics of Machinery	ME 19-205-0601	ME	2019	November 2022	Dynamics of Machinery 2022 Nov (2019 Ad.).pdf
Earthquake Engineering	CE 15-1802	CE	2015	April 2019	Earthquake Engineering 2019 April(2015 Ad.).pdf
Earthquake Engineering	CE 15-1802	CE	2015	August 2022	Earthquake Engineering 2022 August (2015 Ad.).pdf
Earthquake Engineering	CE 15-1802	CE	2015	July 2019	Earthquake Engineering 2019 Jul (2015 Ad).pdf
Earthquake Engineering	CE 15-1802	CE	2015	July 2019	Earthquake Engineering 2019 July (2015 Ad).pdf
Earthquake Engineering	CE 17-217-0701	CE	2017	May 2024	Earthquake Engineering 2024 May (2017 Ad.).pdf.pdf
Earthquake Engineering	CE 19-201-0801	CE	2019	April 2023	Earthquake Engineering 2023 April (2019 Ad.).pdf
Earthquake Engineering	CE 19-201-0801	CE	2019	April 2024	Earthquake Engineering 2024 April (2019 Ad. ).pdf
Earthquake Engineering	CE 19-201-0801	CE	2019	July 2023	Earthquake Engineering 2023 July (2019 Ad.)
Economics and Management of Chemical Industries	CH 17P 1504		2017	April 2023	Economics and Management of Chemical Industries 2023 April (2017 Ad).pdf
Electric and Hybrid Vehicles	EE 19-209-0704(E)	EEE	2019	April 2026	Electric and Hybrid Vehicles 2026 Apr (2019 Ad.).pdf
Electric Drives	EE 15-1604	EEE	2015	April 2018	Electric Drives   2018  April  (2015 Ad).pdf
Electric Drives	EE 15-1604	EEE	2015	January 2019	Electric Drives   2019 Jan  (2015 Ad).pdf
Electric Drives	EE 19-209-0601	EEE	2019	April 2022	Electric Drives 2022 April (2019 Ad. )
Electric Drives	EE 19-209-0601	EEE	2019	April 2026	Electric Drives 2026 Apr (2019 Ad.).pdf
Electric Drives	EE 19-209-0601	EEE	2019	November 2022	Electric drives 2022 Nov (2019 Ad.).pdf
Electric Drives	EE 19-209-0608	EEE	2019	April 2022	Electric Drives 2022 April (2019 Ad. ).pdf
Electrical Drawing	EE 15-1505	EEE	2015	April 2019	Electrical Drawing  2019 April (2015 Ad).pdf
Electrical Drawing	EE 15-1505	EEE	2015	April 2021	Electrical Drawing  2021  April (2015 Ad).pdf
Electrical Drawing	EE 15-1505	EEE	2015	November 2018	Electrical Drawing  2018 Nov (2015 Ad).pdf
Electrical Drawing	EE 15-1505	EEE	2015	November 2020	Electrical Drawing  2020 Nov (2015 Ad).pdf
Electrical Drawing	EE 15-1505	EEE	2015	November 2021	Electrical Drawing  2021 Nov (2015 Ad).pdf
Electrical Drawing	EE 15-1505	EEE	2015	November 2022	Electrical Drawing  2022 Nov (2015 Ad).pdf
Electrical Drawing	EE 19-209-0604	EEE	2019	April 2022	Electrical  Drawing  2022 April (2019 Ad. ).pdf
Electrical Drawing	EE 19-209-0604	EEE	2019	April 2026	Electrical Drawing 2026 Apr (2019 Ad.).pdf
Electrical Drawing	EE 19-209-0604	EEE	2019	June 2023	Electrical Drawing 2023 June  (2019 Ad.)
Electrical Drawing	EE 19-209-0604	EEE	2019	November 2022	Electrical Drawing 2022 Nov (2019 Ad.).pdf
Electrical Engineering Materials	EE 15-1404	EEE	2015	April 2017	Electrical Engineering Materials 2017  April (2015 Ad).pdf
Electrical Engineering Materials	EE 15-1404	EEE	2015	April 2019	Electrical Engineering Materials 2019 April (2015).pdf
Electrical Engineering materials	EE 15-1404	EEE	2015	February 2020	Electrical engineering materials 2020 Feb (2015 scheme).pdf
Electrical Engineering Materials	EE 19-209-0306	EEE	2019	February 2022	Electrical Engineering Materials  2022 February (2019 Ad.).pdf
Electrical Engineering Materials	EE 19-209-0306	EEE	2019	July 2024	Electrical Engineering Materials  2024 July  (2019 Ad.).pdf
Electrical Engineering Materials	EE 19-209-0306	EEE	2019	November 2025	Electrical Engineering Materials 2025 Nov(2019Ad.).pdf
Electrical Machine Design	EE 15-1705	EEE	2015	April 2019	Electrical Machine Design 2019 April (2015 Ad).pdf
Electrical Machine Design	EE 15-1705	EEE	2015	April 2021	Electrical Machine Design 2021 April (2015 Ad).pdf
Electrical Machine Design	EE 15-1705	EEE	2015	November 2019	Electrical Machine Design 2019 Nov (2015 ad).pdf
Electrical Machine Design	EE 15-1705	EEE	2015	November 2020	Electrical Machine Design 2020 Nov (2015 Ad).pdf
Electrical Machine Design	FE 15-1705		2015	November 2018	Electrical Machine Design 2018 Nov (2015 ad).pdf
Electrical Machines	EE 15-1306	EEE	2015	November 2021	Electrical Machines  2021 Nov (2015 Ad.).pdf
Electrical Machines	EE 23-209-0302	EEE	2025	November 1	Electrical Machines -1 2025 Nov (2023 Ad.).pdf
Electrical Machines I	EE 15-1306	EEE	2015	April 2018	Electrical machines I 2018 April (2015 Ad).pdf
Electrical Machines I	EE 15-1306	EEE	2015	May 2017	Electrical Machines I 2017 May (2015 Ad).PDF
Electrical Machines I	EE 15-1306	EEE	2015	November 2016	Electrical machines I 2016 Nov (2015 Ad).pdf
Electrical Machines I	EE 15-1306	EEE	2015	November 2017	Electrical machines I 2017 Nov (2015 Ad).pdf
Electrical Machines I	EE 15-1306	EEE	2015	November 2020	Electrical Machines I 2020 Nov (2015 Ad).pdf
Electrical Machines I	EE 19-209-0302	EEE	2019	February 2022	Electrical Machines  I 2022 February (2019 Ad.).pdf
Electrical Machines I	EE 19-209-0302	EEE	2019	July 2024	Electrical Machines  I 2024 july  (2019 Ad.)_0001.pdf
Electrical Machines II	EE 15-1403	EEE	2015	April 2017	Electrical Machines II 2017  April (2015 Ad).PDF
Electrical Machines II	EE 15-1403	EEE	2015	April 2019	Electrical Machines II 2019 April (2015).pdf
Electrical Machines II	EE 15-1403	EEE	2015	February 2020	Electrical Machines II 2020 Feb  (2015 Ad).pdf
Electrical Machines II	EE 19-209-0403	EEE	2019	April 2026	Electrical Machines II 2026 Apr (2019 Ad.).pdf
Electrical Machines II	EE 19-209-0403	EEE	2019	June 2022	Electrical Machines II 2022 June (2019 Ad.).pdf
Electrical Machines II	EE 19-209-0403	EEE	2019	June 2024	Electrical Machines II 2024 June (2019 Ad.).pdf
Electrical Machines II	EE 23-209-0403	EEE	2023	April 2025	Electrical Machines II 2025 April (2023 Ad.).pdf
Electrical Measurements and Measuring Instruments			2015	April 2021	Electrical Measurements and Measuring instruments 2021 April (2015 Ad).pdf
Electrical Measurements and Measuring Instruments	E 15-1304		2015	May 2017	Electrical Measurements and Measuring Instruments 2017 May (2015 Ad).PDF
Electrical Measurements and Measuring Instruments	EE 15-1304	EEE	2015	April 2018	Electrical measurements and measuring instruments 2018 April (2015 Ad).pdf
Electrical Measurements and Measuring Instruments	EE 15-1304	EEE	2015	November 2016	Electrical measurements and measuring instruments 2016 Nov (2015 Ad).pdf
Electrical Measurements and Measuring Instruments	EE 15-1304	EEE	2015	November 2017	Electrical Measurements and measuring instruments 2017 Nov (2015 Ad).pdf
Electrical Measurements and Measuring Instruments	EE 15-1304	EEE	2015	November 2020	Electrical Measurements and Measuring Instruments 2020 Nov (2015 Ad).pdf
Electrical Measurements and Measuring Instruments	EE 19-209-0304	EEE	2019	February 2022	Electrical Measurements and Measuring Instruments  2022 February (2019 Ad.).pdf
Electrical Measurements and Measuring Instruments	EE 19-209-0304	EEE	2019	July 2024	Electrical Measurements and Measuring Instruments  2024 July (2019 Ad.).pdf
Electrical Measurements and Measuring Instruments	EE 19-209-0304	EEE	2019	November 2023	Electrical Measurements and Measuring Instruments  2023 Nov (2019 Ad.).pdf
Electrical Mechines I	EE 15-1306	EEE	2015	April 2021	Electrical Mechines I 2021 Apr.(2015 Ad).pdf
Electrical Safety	EE 19-209-0509	EEE	2019	June 2024	Electrical Safety 2024 June (2019 Ad.).pdf
Electrical system Design	EE 15-1702	EEE	2015	April 2019	Electrical system Design 2019 April (2015 Ad).pdf
Electrical system Design	EE 15-1702	EEE	2015	April 2021	Electrical system Design 2021 April (2015 Ad)
Electrical system Design	EE 15-1702	EEE	2015	April 2022	Electrical system design 2022 April (2015 Ad.).pdf
Electrical system Design	EE 15-1702	EEE	2015	November 2018	Electrical system Design 2018 Nov (2015 Ad).pdf
Electrical system Design	EE 15-1702	EEE	2015	November 2019	Electrical system Design 2019 Nov (2015 Ad).pdf
Electrical System Design	EE 15-1702	EEE	2015	November 2020	Electrical System Design 2020 Nov (2015 Ad).pdf
Electrical System Design	EE 19-209-0801	EEE	2019	April 2023	Electrical System Design 2023 April ( 2019 Ad.).pdf
Electrical System Design	EE 19-209-0801	EEE	2019	July 2023	Electrical System Design 2023 July  ( 2019 Ad.)
Electrical Technology	GE 17P 1105		2017	April 2020	Electrical Technology 2020 April (2017 Ad).pdf
Electrical Technology	ME 15-1302	ME	2015	April 2021	Electrical Technology 2021 Apr.(2015 Ad).pdf
Electrical Technology	ME 15-1302	ME	2015	May 2017	Electrical Technology 2017 May (2015 Ad).PDF
Electrical Technology	ME 15-1302	ME	2015	November 2016	Electrical Technology 2016  Nov  (2015 Ad).PDF
Electrical Technology	ME 15-1302	ME	2015	November 2020	Electrical Technology 2020  Nov  (2015 Ad).pdf
Electrical Technology	ME 19-205-0302	ME	2019	February 2022	Electrical Technology   2022 Feb (2019 Ad).pdf
Electrical Technology	ME 19-205-0302	ME	2019	July 2024	Electrical Technology   2024 July  (2019 Ad)_0001.pdf
Electrical Technology and Safety			2019	April 2026	Electrical Technology and Safety 2026 Apr (2019 Ad.).pdf
Electrical Technology and Safety	SE 15-1405	SFE	2015	April 2017	Electrical Technology and Safety  2017  April (2015 Ad).PDF
Electrical Technology and Safety	SE 15-1405	SFE	2015	April 2018	Electrical Technology and Safety 2018 April (2015).pdf
Electrical Technology and Safety	SE 15-1405	SFE	2015	April 2019	Electrical Technology and Safty 2019  April (2015).pdf
Electrical Technology and Safety	SE 15-1405	SFE	2015	February 2020	Electricals technology and safety 2020 Feb (2015 scheme).pdf.pdf
Electrical Technology and Safety	SE 19-206-0405	SFE	2019	April 2022	Electrical Technology and Safety 2022 April (2019 Ad.).pdf
Electrical Technology and Safety	SE 19-206-0405	SFE	2019	July 2024	Electrical Technology and Safety 2024 July  (2019 Ad.)_0001.pdf
Electrical Technology and Safety	SE 23-206-0405	SFE	2023	April 2025	Electrical Technology and Safety 2025 April(2023 Ad.).pdf
Electromagnetic Field Theory	EE 19-209-0406	EEE	2019	June 2022	Electromagnetic Field Theory 2022 June (2019 Ad.).pdf
Electromagnetic Field Theory	EE 19-209-0406	EEE	2019	June 2024	Electromagnetic Field Theory 2024 June (2019 Ad.)_0001.pdf
Electromagnetic Theory	EC 15-1502	ECE	2015	April 2019	Electromagnetic Theory 2019 April (2015 Ad).pdf
Electromagnetic Theory	EC 15-1502	ECE	2015	April 2021	Electromagnetic Theory 2021 Apr.(2015 Ad).pdf
Electromagnetic Theory	EC 15-1502	ECE	2015	November 2018	Electromagnetic Theory 2018 Nov (2015 Ad).pdf
Electromagnetic Theory	EC 15-1502	ECE	2015	November 2020	Electromagnetic Theory  2020 Nov (2015 Ad).pdf
Electromagnetic Theory	EC 15-1502	ECE	2015	November 2022	Electromagnetic Theory  2022 Nov (2015 Ad).pdf
Electromagnetic Theory	EC 15-1502	ECE	2015	November 2025	Electromagnetic Theory  2025 Nov (2015 Ad).pdf
Electromagnetic Theory	EC 19-203-0502	ECE	2019	January 2023	Electromagnetic Theory 2023 Janu (2019 Ad).pdf
Electromagnetic Theory	EC 19-203-0502	ECE	2019	June 2024	Electromagnetic Theory 2024 June (2019 Ad.).pdf
Electromagnetic Theory	EC 19-203-0502	ECE	2019	November 2021	Electromagnetic Theory 2021 Nov.(2019 Ad).pdf
Electromagnetic Theory	EC 19-203-0502	ECE	2019	November 2025	Electromagnetic Theory 2025 Nov (2019 Ad.).pdf
Electromagnetic Theory	EC 19-203-0502	ECE	2019	September 2022	Electromagnetic Theory 2022 Sept (2019 Ad).pdf
Electromagnetic Theory	EC 23-203-0404	ECE	2023	April 2025	Electromagnetic Theory 2025 April (2023 Ad.).pdf
Electromagnetic Theory	EE 23-209-0405	EEE	2023	April 2025	Electromagnetic Theory 2025 April  (2023 Ad.).pdf
Electronic Business and services	IT 15-1801	IT	2015	April 2022	Electronic Business and services 2022 April (2015 Ad.).pdf
Electronic Business and Services	IT 15-1801	IT	2015	August 2022	Electronic Business and Services 2022 August (2015 Ad.).pdf
Electronic Business and Services	IT 15-1801	IT	2015	July 2019	Electronic Business and Services 2019 Jul (2015 Ad).pdf
Electronic Circuits	EC 15-1306	ECE	2015	November 2021	Electronic Circuits 2021 Nov  (2015 Ad.).pdf
Electronic Circuits	EC 19-203-0306	ECE	2019	February 2022	Electronic Circuits 2022 February (2019 Ad.).pdf
Electronic Circuits	EC 19-203-0306	ECE	2025	November 1	Electronic Circuits 1 2025 Nov (2019Ad.).pdf
Electronic Circuits	EC 23-203-0303	ECE	2023	November 2025	Electronic Circuits 2025 Nov (2023 Ad.).pdf
Electronic Circuits I	EC 15-1306	ECE	2015	April 2018	Electronic Circuits I 2018 April  (2015 Ad).PDF
Electronic Circuits I	EC 15-1306	ECE	2015	May 2017	Electronic Circuits I 2017 May (2015 Ad).PDF
Electronic Circuits I	EC 15-1306	ECE	2015	November 2016	Electronic circuits I  2016 Nov (2015 Ad).pdf
Electronic Circuits I	EC 15-1306	ECE	2015	November 2017	Electronic circuits I  2017 Nov (2015 Ad).pdf
Electronic Circuits I	EC 15-1306	ECE	2015	November 2020	Electronic Circuits I 2020 Nov (2015 Ad).pdf
Electronic Circuits I	EC 19-203-0306	ECE	2019	February 2024	Electronic Circuits I 2024  February (2019 Ad.).pdf
Electronic Circuits II	EC 15-1403	ECE	2015	April 2022	Electronic circuits II 2022 April (2015 Ad.).pdf
Electronic Circuits II	EC 15-1403	ECE	2015	February 2020	Electronic circuits II 2020 Feb (2015 scheme).pdf.pdf
Electronic Communication	EE 15-1601	EEE	2015	April 2018	Electronic Communication   2018  April  (2015 Ad).pdf
Electronic Communication	EE 15-1601	EEE	2015	April 2019	Electronic Communication   2019 April   (2015 Ad).pdf
Electronic Communication	EE 15-1601	EEE	2015	January 2019	Electronic Communication   2019 Jan  (2015 Ad).pdf
Electronic Devices and Circuits	EE 15-1305	EEE	2015	April 2018	Electronic devices and circuits 2018 April (2015 Ad).pdf
Electronic Devices and Circuits	EE 15-1305	EEE	2015	April 2021	Electronic Devices and Circuits 2021 Apr.(2015 Ad).pdf
Electronic Devices and Circuits	EE 15-1305	EEE	2015	May 2017	Electronic Devices and Circuits 2017 May (2015 Ad).PDF
Electronic Devices and Circuits	EE 15-1305	EEE	2015	November 2016	Electronic devices and circuits 2016 Nov (2015 Ad).pdf
Electronic Devices and Circuits	EE 15-1305	EEE	2015	November 2017	Electronic devices and circuits 2017 Nov (2015 Ad).pdf
Electronic Devices and Circuits	EE 15-1305	EEE	2015	November 2020	Electronic Devices and Circuits 2020 Nov (2015 Ad).pdf
Electronic Instrumentation	EE 15-1801	EEE	2015	August 2022	Electronic Instrumentation 2022 August (2015 Ad.).pdf
Electronic Instrumentation	EE 15-1801	EEE	2015	July 2019	Electronic Instrumentation 2019 Jul (2015 Ad).pdf
Electronic Measurements and Instrumentation	EC 15-1601	ECE	2015	April 2018	Electronic Measurements and Instrumentation 2018 April (2015 Ad).pdf
Electronic Measurements and Instrumentation	EC 15-1601	ECE	2015	April 2022	Electronic Measurements and Instrumentation 2022 April (2015 Ad. )
Electronic Measurements and Instrumentation	EC 15-1601	ECE	2015	January 2019	Electronic Measurements and Instrumentation  2019 Jan (2015 Ad).pdf
Electronic Measurements and Instrumentation	EC 15-1601	ECE	2015	July 2019	Electronic Measurements and Instrumentation 2019 Jul (2015 Ad).pdf
Electronic Measurements and Instrumentation (	EC 15-1601	ECE	2019	January 2	Electronic Measurements and Instrumentation (2)  2019 Jan (2015 Ad).pdf
Electronic Product Design	EC 15-1801	ECE	2015	April 2022	Electronic Product Design 2022 April (2015 Ad.).pdf
Electronic Product Design	EC 15-1801	ECE	2015	July 2019	Electronic Product Design  2019 Jul (2015 Ad).pdf
Electronics Circuits II	EC 15-1403	ECE	2015	April 2017	Electronics Circuits II 2017  April (2015 Ad).PDF
Electronics Circuits II	EC 15-1403	ECE	2015	April 2019	Electronics Circuits II 2019  April (2015).pdf
Electronics Circuits II	EC 19-203-0406	ECE	2019	June 2022	Electronics Circuits II 2022 June  (2019 Ad).pdf
Electronics Circuits II	EC 19-203-0406	ECE	2019	June 2024	Electronics Circuits II 2024 June  (2019 Ad)_0001.pdf
Electronics Devices and Circuits	EE 15-1305	EEE	2015	November 2021	Electronics Devices and Circuits  2021 Nov (2015 Ad.).pdf
Electronics Devices and Circuits	EE 19-209-0305	EEE	2019	February 2022	Electronics Devices and Circuits  2022 February (2019 Ad.).pdf
Elements of Machine Drawing	SE 15-1305	SFE	2015	April 2021	Elements of Machine Drawing 2021 Apr.(2015 Ad).pdf
Elements of Machine Drawing	SE 15-1305	SFE	2015	May 2017	Elements of Machine Drawing 2017 May (2015 Ad).PDF
Elements of Machine Drawing	SE 15-1305	SFE	2015	November 2020	Elements of Machine Drawing 2020 Nov (2015 Ad).pdf
Elements of Machine Drawing	SE 19-206-0305	SFE	2019	February 2022	Elements OF Machine Drawing 2022 February (2019 Ad.).pdf
Elements of Machine Drawing	SE 19-206-0305	SFE	2019	November 2023	Elements OF Machine Drawing 2023 Nov (2019 Ad.).pdf
Embedded System Design	CS 15-1605	CSE	2015	April 2018	Embedded System Design 2018 April  (2015 Ad).pdf
Embedded System Design	CS 15-1605	CSE	2015	January 2019	Embedded System Design   2019 Jan (2015 Ad).pdf
Embedded System Design	CS 15-1605	CSE	2015	July 2019	Embedded System Design 2019 Jul (2015 Ad).pdf
Embedded Systems	EC 15-1503	ECE	2015	April 2019	Embedded Systems 2019 April (2015 Ad).pdf
Embedded Systems	EC 15-1503	ECE	2015	April 2021	Embedded Systems 2021 Apr.(2015 Ad).pdf
Embedded Systems	EC 15-1503	ECE	2015	November 2018	Embedded Systems 2018 Nov (2015 Ad).pdf
Embedded Systems	EC 15-1503	ECE	2015	November 2020	Embedded Systems  2020 Nov (2015 Ad).pdf
Embedded Systems	EC 15-1503	ECE	2015	November 2022	Embedded Systems  2022 Nov (2015 Ad).pdf
Embedded Systems	EC 19-203-0506(IE)	ECE	2019	June 2024	Embedded Systems 2024 June (2019 Ad.).pdf
Embedded Systems	EC 19-203-0506(IE)	ECE	2019	November 2021	Embedded Systems 2021 Nov ( 2019 ad.).pdf
Embedded Systems	EC 19-203-0506(IE)	ECE	2019	September 2022	Embedded Systems 2022 Sept  ( 2019 ad.).pdf
Embedded Systems	EC 23-203-0501	ECE	2023	November 2025	Embedded Systems 2025 Nov  (2023 Ad.).pdf
Energy Auditing and Analysis	EE 15-1705	EEE	2015	April 2019	Energy Auditing and Analysis 2019 April (2015 ad).pdf
Energy Auditing and Analysis	EE 15-1705	EEE	2015	November 2018	Energy Auditing and Analysis 2018 Nov (2015 ad).pdf
Energy Auditing and Analysis	EE 15-1705	EEE	2015	November 2019	Energy Auditing and Analysis 2019 Nov (2015 ad).pdf
Energy Auditing and Analysis	EE 15-1705	EEE	2015	November 2020	Energy Auditing and Analysis 2020 Nov (2015 Ad).pdf
Energy Conservation and Environment Protection			2015	April 2018	Energy Conservation And Environment Protection 2018 April  (2015 Ad).pdf
Energy Conservation and Environment Protection	ME 15-1606	ME	2015	April 2022	Energy Conservation and Environment Protection 2022 April (2015 Ad.)
Energy Conservation and Environment Protection	ME 19-205-0607	ME	2019	April 2022	Energy Consevation and Environmental Protection  2022 April (2019 Ad. ).pdf
Energy Conservation and Environment Protection	ME 19-205-0607	ME	2019	April 2026	Energy Conservation and Environment Protection 2026 Apr (2019 Ad.).pdf
Energy Conservation and Environment Protection	ME 19-205-0607	ME	2019	June 2023	Energy Consevation and Environmental Protection  2023 June  (2019 Ad. ).pdf
Energy Management and Conservation	SE 19-206-0711	SFE	2019	April 2026	Energy Management and Conservation 2026 Apr (2019 Ad.).pdf
Energy Management and Conservation	SE 19-206-0711	SFE	2019	March 2023	Energy Management and Conservation 2023 March (2019 Ad).pdf
Energy Management and Conservation	SE 19-206-0711	SFE	2019	May 2024	Energy Management and Conservation 2024 May  (2019 Ad).pdf
Energy Management and Conservation	SE 19-206-0711	SFE	2019	November 2023	Energy Management and Conservation 2023 Nov  (2019 Ad).pdf
Engineering Chemistry			2015	April 2019	Engineering Chemistry 2019 April  (2015 Ad).pdf
Engineering Chemistry			2015	December 2015	Engineering Chemistry   2015 Dec  (2015 Ad).PDF
Engineering Chemistry			2015	May 2016	Engineering chemistry   2016 May (2015 Ad.).PDF
Engineering Chemistry	AS 15-1102	Applied Science and Humanities	2015	April 2021	Engineering Chemistry 2021 April  (2015 Ad).pdf
Engineering Chemistry	AS 15-1102	Applied Science and Humanities	2015	December 2016	Engineering Chemistry   2016  Dec  (2015 Ad).PDF
Engineering Chemistry	AS 15-1102	Applied Science and Humanities	2015	November 2018	Engineering Chemistry 2018  Nov  (2015 Ad).pdf
Engineering Chemistry	AS 15-1102	Applied Science and Humanities	2015	November 2019	Engineering Chemistry 2019 Nov  (2015 Ad).pdf
Engineering Chemistry	AS 15-1202	Applied Science and Humanities	2015	April 2018	Engineering Chemistry 2018 April  (2015 Ad).pdf
Engineering Chemistry	AS 15-1202	Applied Science and Humanities	2015	May 2017	Engineering Chemistry 2017 May (2015 Ad).PDF
Engineering Chemistry	CE/EE/ME/SE 19-200-0102	CE	2019	July 2024	Engineering Chemistry 2024 July (2019 Ad.).pdf
Engineering Chemistry	CE/EE/ME/SE 19-200-0102	CE	2019	June 2023	Engineering Chemistry 2023 June (2019 Ad.).pdf
Engineering Chemistry	CE/EE/ME/SE 19-200-0102	CE	2019	March 2022	Engineering Chemistry 2022 March (2019 Ad.).pdf
Engineering Chemistry	CE/EE/ME/SE 19-200-0102	CE	2019	November 2019	Engineering Chemistry 2019 Nov (2019 Ad.).pdf
Engineering Chemistry	CE/ME/SE 23-200-0102	CE	2023	June 2024	Engineering Chemistry 2024 June (2023 Ad.).pdf
Engineering Chemistry	CE/ME/SE 23-200-0102	CE	2023	June 2024	Engineering Chemistry 2024 June (2023 Ad.).pdf.pdf
Engineering Chemistry	CE/ME/SE 23-200-0102	CE	2023	November 2023	Engineering Chemistry 2023 Nov (2023 Ad.).pdf
Engineering Chemistry	EE/EC/CS/IT 23-200-0202	EEE	2023	July 2024	Engineering Chemistry 2024 July (2023 Ad.).pdf
Engineering Fluid Mechanics and Machinery	SE 15-1303	SFE	2015	April 2021	Engineering Fluid Mechanics and Mechinery 2021 Apr.(2015 Ad).pdf
Engineering Fluid Mechanics and Machinery	SE 15-1303	SFE	2015	May 2017	Engineering Fluid Mechanics and Machinery 2017 May (2015 Ad).PDF
Engineering Fluid Mechanics and Machinery	SE 15-1303	SFE	2015	November 2020	Engineering Fluid Mechanics and Machinery 2020 Nov (2015 Ad).pdf
Engineering Fluid Mechanics and Machinery	SE 15-1303	SFE	2015	November 2021	Engineering Fluid Mechanics and Machinery 2021 Nov (2015 Ad.).pdf
Engineering Fluid Mechanics and Machinery	SE 15-1303	SFE	2019	March 2022	Engineering Fluid Mechanics and Machinery  2022 March (2019 Ad).pdf
Engineering Fluid Mechanics and Machinery	SE 19-206-0303	SFE	2019	February 2022	Engineering Fluid Mechanics and Machinery 2022 February (2019 Ad.).pdf
Engineering Fluid Mechanics and Machinery	SE 19-206-0303	SFE	2019	July 2024	Engineering Fluid Mechanics and Machinery 2024 July  (2019 Ad.)_0001.pdf
Engineering Fluid Mechanics and Machinery	SE 19-206-0303	SFE	2019	November 2023	Engineering Fluid Mechanics and Machinery 2023 Nov  (2019 Ad.).pdf
Engineering Geology and Seismology			2017	September 2024	Engineering Geology and Seismology   2024 Sept  (2017 Ad)_0001_0001.pdf
Engineering Geology and Seismology	CE 15-1404	CE	2015	April 2017	Engineering Geology and Seismology 2017  April (2015 Ad).PDF
Engineering Geology and Seismology	CE 15-1404	CE	2015	April 2019	Engineering Geology and Seismology 2019 April (2015).pdf
Engineering Geology and Seismology	CE 15-1404	CE	2015	February 2020	Engineering geology and seismology 2020 Feb (2015 scheme).pdf.pdf
Engineering Geology and Seismology	CE 19-201-0306	CE	2019	February 2022	Engineering Geology and Seismology 2022 February (2019 Ad.).pdf
Engineering Geology and Seismology	CE 19-201-0306	CE	2019	July 2024	Engineering Geology and Seismology 2024 July  (2019 Ad).pdf
Engineering Geology and Seismology	CE 19-201-0306	CE	2019	November 2025	Engineering Geology and Seismology 2025 Nov (2019Ad.).pdf
Engineering Graphics			2015	May 2016	Engineering Graphics  2016  May (2015 Ad) CE.PDF
Engineering Graphics			2015	May 2016	Engineering Graphics 2016  May  (2015 Ad) ME SE.pdf
Engineering Graphics			2015	May 2016	Engineering graphics 2016 May (2015 Ad.).PDF
Engineering Graphics			2015	November 2018	Engineering Graphics 2018 Nov   (2015 Ad) EC.pdf
Engineering Graphics			2019	April 2021	Engineering Graphics 2021  April  (2019 Ad).pdf
Engineering Graphics	CE 23-200-0103	CE	2023	November 2023	Engineering Graphics 2023 Nov (2023 Ad.)  CE.pdf
Engineering Graphics	CE/EE 19-200-0103	CE	2019	April 2021	Engineering Graphics 2021 April   (2019 Ad) CE EE.pdf
Engineering Graphics	CE/EE 19-200-0103	CE	2019	June 2023	Engineering Graphics   2023 June  (2019 Ad) CE EE.pdf
Engineering Graphics	CE/EE 19-200-0103	CE	2019	March 2022	Engineering Graphics   2022 March (2019 Ad) CE EE.pdf
Engineering Graphics	CE/SE 25-200-0103	CE	2025	November 2025	Engineering Graphics 2025 Nov (2025 Ad.).pdf
Engineering Graphics	CS/ECAT 19-200-0203	CSE	2019	March 2022	Engineering Graphics   2022 March (2019 Ad) CS EC IT.pdf
Engineering Graphics	CS/IT 19-200-0203	CSE	2019	April 2021	Engineering Graphics 2021 April  (2019 Ad) CS IT.pdf
Engineering Graphics	CSAT 19-200-0203	CSE	2019	June 2023	Engineering Graphics 2023 June  (2019 Ad) CS IT.pdf
Engineering Graphics	EC 19-200-0203	ECE	2019	June 2023	Engineering Graphics 2023 June   (2019 Ad) EC.pdf
Engineering Graphics	GE 15-1103		2015	April 2021	Engineering Graphics 2021 April    (2015 Ad) CS IT.pdf
Engineering Graphics	GE 15-1103		2015	April 2021	Engineering Graphics 2021 April    (2015 Ad) EC.pdf
Engineering Graphics	GE 15-1103		2015	December 2016	Engineering Graphics  2016  Dec  (2015 Ad).PDF
Engineering Graphics	GE 15-1203		2015	April 2018	Engineering Graphics 2018 April  (2015 Ad).pdf
Engineering Graphics	GE 15-1203		2015	April 2021	Engineering Graphics 2021 April    (2015 Ad) EC1.pdf
Engineering Graphics	GE 15-1203		2015	April 2021	Engineering Graphics 2021 April  (2015 Ad).pdf
Engineering Graphics	GE 15-1203		2015	May 2017	Engineering Graphics 2017 May (2015 Ad) CE.PDF
Engineering Graphics	GE 15-1203		2015	November 2018	Engineering Graphics 2018 Nov   (2015 Ad) CE EE.pdf
Engineering Graphics	GE 15-1203		2015	November 2018	Engineering Graphics 2018 Nov   (2015 Ad) ME SE.pdf
Engineering Graphics	GE 15-1203		2015	November 2019	Engineering Graphics 2019  Nov   (2015 Ad) ME SE.pdf
Engineering Graphics	GE 15-1203		2015	November 2019	Engineering Graphics 2019 Nov   (2015 Ad) CE EE.pdf
Engineering Graphics	ME / SE 19-200-0103	ME	2019	June 2023	Engineering Graphics  2023 June    (2019 Ad) ME SE.pdf
Engineering Graphics	ME 25-200-0103	ME	2025	November 2025	Engineering Graphics 2025 Nov (2025 Ad..).pdf
Engineering Graphics	ME/SE 19-200-0103	ME	2019	April 2021	Engineering Graphics 2021 April   (2019 Ad) ME SE.pdf
Engineering Graphics	ME/SE 19-200-0103	ME	2019	March 2022	Engineering Graphics   2022 March (2019 Ad) ME SE.pdf
Engineering Graphics	ME/SE 19-200-0103	ME	2019	November 2019	Engineering Graphics   2019 Nov  (2019 Scheme).pdf
Engineering Graphics	ME/SE 19-200-0103	ME	2019	November 2023	Engineering Graphics   2023  Nov  (2019 Ad  ME SE.pdf
Engineering Mechanics			2015	December 2015	Engineering Mechanics   2015  Dec  (2015 Ad) CE ME EE SE.PDF
Engineering Mechanics			2015	May 2016	Engineering Mechanics   2016  May (2015 Ad).PDF
Engineering Mechanics	CE/EE/ME/SE 19-200-0203	CE	2019	June 2023	Engineering Mechanics 2023 June (2019 Ad).pdf
Engineering Mechanics	CE/ME/SE 23-200-0203	CE	2023	July 2024	Engineering Mechanics  2024 July  (2023 Ad.)_0001_0001.pdf
Engineering Mechanics	CS/EC/IT 19-200-0103	CSE	2019	January 2023	Engineering Mechanics 2023  janu (2019 Ad).pdf
Engineering Mechanics	CS/EC/IT 19-200-0103	CSE	2019	July 2024	Engineering Mechanics 2024 July  (2019 Ad) CS EC IT.pdf
Engineering Mechanics	CS/EC/IT 19-200-0103	CSE	2019	March 2022	Engineering Mechanics 2022 March (2019 Ad).pdf
Engineering Mechanics	GE 15-1103		2015	April 2018	Engineering Mechanics 2018 April (2015 Ad) CS EC IT.pdf
Engineering Mechanics	GE 15-1103		2015	April 2021	Engineering Mechanics 2021 April  (2015 Ad).pdf
Engineering Mechanics	GE 15-1103		2015	November 2017	Engineering Mechanics 2017 Nov  (2015 Ad).pdf
Engineering Mechanics	GE 15-1103		2015	November 2018	Engineering Mechanics 2018  Nov  (2015 Ad).pdf
Engineering Mechanics	GE 15-1103		2015	November 2019	Engineering Mechanics 2019  Nov  (2015 Ad).pdf
Engineering Mechanics	GE 15-1203		2015	May 2017	Engineering Mechanics 2017 May (2015 Ad).PDF
Engineering Physics			2015	May 2016	Engineering physics  2016 May (2015 Ad.)PDF
Engineering Physics			2015	May 2016	Engineering Physics  2016 May (2015 Ad).pdf
Engineering Physics	AS 15-1102	Applied Science and Humanities	2015	November 2018	Engineering Physics  2018 Nove   (2015 Ad).pdf
Engineering Physics	AS 15-1202	Applied Science and Humanities	2015	April 2018	Engineering Physics  2018 April  (2015 Ad).pdf
Engineering Physics	AS 15-1202	Applied Science and Humanities	2015	May 2017	Engineering Physics  2017 May (2015 Ad).pdf
Engineering Physics	AS15-1102	Applied Science and Humanities	2015	April 2021	Engineering Physics  2021 April  (2015 Ad).pdf
Engineering Physics	CE/EE/ME/SE 19-200-0202	CE	2019	June 2023	Engineering Physics 2023 June (2019 Ad.).pdf
Engineering Physics	CE/ME/SE 23-200-0202	CE	2023	July 2024	Engineering Physics 2024 July  (2023 Ad.).pdf.pdf
Engineering Physics	CE/ME/SE 23-200-0202	CE	2023	July 2024	Engineering Physics 2024 July (2023 Ad.).pdf
Engineering Physics	CS/EC/IT 19-200-0102	CSE	2019	July 2024	Engineering Physics 2024 July (2019 Ad.).pdf
Engineering Physics	CS/EC/IT 19-200-0102	CSE	2019	March 2022	Engineering Physics 2022 March (2019 Ad).pdf
Engineering Physics	CS/EC/IT 19-200-0102	CSE	2019	November 2019	Engineering Physics 2019 Nov (2019 Ad.).pdf
Engineering Physics	EE/EC/CS/IT 23-200-0102	EEE	2023	June 2024	Engineering Physics 2024 June (2023 Ad.).pdf
Engineering Physics	EE/EC/CS/IT 23-200-0102	EEE	2023	November 2023	Engineering Physics 2023 Nov (2023 Ad.).pdf
Engineering Physics	FT 1102		2012	April 2017	Engineering Physics  2017 April  (2012 Ad).pdf
Enviornmental Engineering I	CE 15-1601	CE	2015	July 2019	Enviornmental Engineering I 2019 Jul (2015 Ad).pdf
Enviornmental Engineering I	CE 19-201-0601	CE	2019	April 2022	Enviromental Engineering I 2022 April (2019 Ad).)
Enviornmental Engineering II	CE 15-1701	CE	2015	April 2019	Enviornmental Engineering II 2019 April (2015 Ad).pdf
Enviornmental Engineering II	CE 15-1701	CE	2015	April 2021	Enviornmental Engineering II 2021 April (2015 Ad).pdf
Enviornmental Engineering II	CE 15-1701	CE	2015	November 2018	Enviornmental Engineering II 2018 Nov (2015 Ad).pdf
Enviornmental Engineering II	CE 19-201-0604	CE	2019	April 2022	Enviromental Engineering II 2022 April (2019 Ad).pdf
Environmental and Life sciences	CE/ME/SE 23-200-0106	CE	2023	November 2023	Environmental and life sciences 2023 Nov (2023 Ad.).pdf
Environmental and Life Sciences	CE/ME/SE 25-200-0106	CE	2025	November 2025	Environmental and Life Sciences 2025 Nov (2025 Ad.).pdf
Environmental and Life Sciences	EE/EC/CS/IT 23-200-0206	EEE	2023	July 2024	Environmental and Life Sciences 2024 July (2023 Ad.).pdf
Environmental Engineering And Management	SE 15-1605	SFE	2015	April 2018	Environmental Engineering And Management 2018 April (2015 Ad).pdf
Environmental Engineering and Management	SE 15-1605	SFE	2015	January 2019	Environmental Engineering and Management  2019 Jan (2015 Ad).pdf
Environmental Engineering and Management	SE 15-1605	SFE	2015	July 2019	Environmental Engineering and Management  2019 July (2015 Ad).pdf
Environmental Engineering and Management	SE 19-206-0605	SFE	2019	April 2022	Environmental Engineering and Management 2022 April (2019 Ad.pdf
Environmental Engineering and Management	SE 19-206-0605	SFE	2019	April 2026	Environmental Engineering and Management 2026 Apr (2019 Ad.).pdf
Environmental Engineering and Management	SE 19-206-0605	SFE	2019	June 2023	Environmental Engineering and Management 2023 June  (2019 Ad.pdf
Environmental Engineering I	CE 15-1601	CE	2015	April 2018	Environmental Engineering I  2018 April (2015 Ad).pdf
Environmental Engineering I	CE 15-1601	CE	2015	January 2019	Environmental Engineering I  2019 Jan (2015 Ad).pdf
Environmental Engineering I	CE 17P 1401	CE	2017	November 2020	Environmental Engineering I   2020  Nov (2017Ad).pdf
Environmental Engineering I	CE 19-201-0601	CE	2019	April 2026	Environmental Engineering I 2026 Apr (2019 Ad.).pdf
Environmental Engineering I	CE 19-201-0601	CE	2019	November 2022	Environmental Engineering I 2022 Nov (2019 Ad.).pdf
Environmental Engineering II	CE 15-1701	CE	2015	April 2022	Environmental Engineering II 2022 April (2015 Ad.).pdf
Environmental Engineering II	CE 15-1701	CE	2015	November 2020	Environmental Engineering II 2020 Nov (2015 Ad.).pdf
Environmental Engineering II	CE 15-1701	CE	2015	November 2023	Environmental Engineering II 2023 Nov (2015 Ad.).pdf
Environmental Engineering II	CE 17-217-0501	CE	2017	May 2025	Environmental Engineering II 2025 May (2017 Ad.).pdf
Environmental Engineering II	CE 17P 1501	CE	2017	April 2023	Environmental Engineering II  2023 April (2017 Ad.).pdf
Environmental Engineering II	CE 19-201-0701	CE	2019	April 2026	Environmental Engineering-II 2026 Apr (2019 Ad.).pdf
Environmental Engineering II	CE 19-201-0701	CE	2019	March 2023	Environmental Engineering II 2023 March (2019 Ad).pdf
Environmental Engineering II	CE 19-201-0701	CE	2019	May 2024	Environmental Engineering II 2024 May (2019 Ad.).pdf.pdf
Environmental engineering II	CE 19-201-0701	CE	2019	November 2023	Environmental engineering II 2023 Nov. (2019 Ad.).pdf
Environmental Engineering II	CE 19-201-0701	CE	2019	November 2024	Environmental Engineering II 2024 Nov  (2019 Ad.).pdf
Environmental Engineering II	CE 19-201-0701	CE	2019	November 2025	Environmental Engineering II 2025 Nov(2019 Ad).pdf
Environmental Studies			2015	December 2015	Environmental Studies 2015 Dec  (2015 Ad).PDF
Environmental Studies			2015	May 2016	Environmental Studies 2016 May (2015 Ad).PDF
Environmental Studies	AS 15-1106	Applied Science and Humanities	2015	November 2018	Environmental Studies 2018 Nov   (2015 Ad).pdf
Environmental Studies	AS 15-1206	Applied Science and Humanities	2015	April 2018	Environmental Studies 2018 April  (2015 Ad).pdf
Environmental Studies	AS 15-1206	Applied Science and Humanities	2015	May 2017	Environmental Studies 2017 May (2015 Ad).PDF
Environmental Studies	CE/EE/ME/SE 19-200-0106	CE	2019	January 2023	Environmental Studies 2023 Jan (2019 Ad.).pdf
Environmental Studies	CE/EE/ME/SE 19-200-0106	CE	2019	March 2022	Environmental Studies 2022 March (2019 Ad).pdf
Environmental Studies	CE/EE/ME/SE 19-200-0106	CE	2019	November 2019	Environmental Studies 2019 Nov (2019 Ad.).pdf
Environmental Studies	CS/EC/IT 19-200-0206	CSE	2019	July 2024	Environmental Studies 2024 July (2019 Ad.).pdf
Environmental Studies	CS/EC/IT 19-200-0206	CSE	2019	June 2023	Environmental Studies 2023 June CS (2019 Ad).pdf
Environmental Studies	CS/EC/IT 19-200-0206	CSE	2019	June 2023	Environmental Studies 2023 June CS 1 (2019 Ad).pdf
Environmental Studies	CS/EC/IT/ AS 15-1106	CSE	2015	November 2019	Environmental Studies 2019 Nov   (2015 Ad).pdf
Ethical Hacking	ET 19-204-0707		2019	May 2024	Ethical Hacking 2024 May (2019 Ad).pdf.pdf
Ethical Hacking	IT 19-204-0707	IT	2019	March 2023	Ethical Hacking   2023 March (2019 Ad).pdf
Ethical Hacking and Computer Forensics	CS 15-1606	CSE	2015	April 2018	Ethical Hacking and Computer Forensics 2018 April  (2015 Ad).pdf
Ethical Hacking and Computer Forensics	CS 15-1606	CSE	2015	January 2019	Ethical Hacking and Computer Forensics  2019 Jan (2015 Ad).pdf
Ethical Hacking and Computer Forensics	CS 15-1606	CSE	2015	July 2019	Ethical Hacking and Computer Forensics  2019 Jul (2015 Ad).pdf
Field Theory	EE 15-1503	EEE	2015	April 2019	Field Theory 2019 April (2015).pdf
Field Theory	EE 15-1503	EEE	2015	April 2021	Field Theory 2021 April (2015).pdf
Field Theory	EE 15-1503	EEE	2015	April 2022	Field Theory  2022 April  (2015 Ad).pdf
Field Theory	EE 15-1503	EEE	2015	November 2018	Field Theory 2018 Nov  (2015).pdf
Field Theory	EE 15-1503	EEE	2015	November 2020	Field Theory  2020 Nov (2015 Ad).pdf
Field Theory	EE 15-1503	EEE	2015	November 2021	Field Theory  2021 Nov (2015 Ad).pdf
Field Theory	EE 15-1503	EEE	2015	November 2022	Field Theory  2022 Nov (2015 Ad).pdf
Financial Management And E-Banking	IT 15-1601	IT	2015	April 2018	Financial Management And E-Banking  2018 April   (2015 Ad).pdf
Financial Management And E-Banking	IT 15-1601	IT	2015	January 2019	Financial Management And E-Banking  2019 January  (2015 Ad).pdf
Financial Management and E-Banking	IT 19-204-0801	IT	2019	April 2023	Financial Management and E-Banking 2023 April (2019 Ad.).pdf
Financial Management and E-Banking	IT 19-204-0801	IT	2019	April 2024	Financial Management and E-Banking 2024 April (2019 Ad.)_0001.pdf
Financial Management and E-Banking	IT 19-204-0801	IT	2019	July 2023	Financial Management and E-Banking 2023 July (2019 Ad.)
Fire Engineering Fundamentals	SE 15-1404	SFE	2015	April 2017	Fire Engineering Fundamentals 2017  April (2015 Ad).PDF
Fire Engineering Fundamentals	SE 15-1404	SFE	2015	April 2019	Fire Engineering Fundamentals 2019  April (2015).pdf
Fire Engineering Fundamentals	SE 15-1404	SFE	2015	April 2022	Fire engineering fundamentals 2022 April (2015 Ad.).pdf
Fire Engineering Fundamentals	SE 15-1404	SFE	2015	February 2020	Fire engineering fundamentals 2020 Feb (2015 scheme).pdf.pdf
Fire Engineering Fundamentals	SE 19-206-0304	SFE	2019	February 2022	Fire Engineering Fundamentals 2022 February (2019 Ad.).pdf
Fire Engineering Fundamentals	SE 19-206-0304	SFE	2019	February 2024	Fire Engineering Fundamentals 2024  Feb (2019 Ad.).pdf
Fire Engineering Fundamentals	SE 19-206-0304	SFE	2019	November 2023	Fire Engineering Fundamentals 2023 Nov  (2019 Ad.).pdf
Fire Protection Engineering	EE/IT/ME/SE 23-206-410	EEE	2023	April 2025	Fire Protection Engineering 2025 April (2023 Ad.).pdf
Fluid Machinery and Heat Engines			2015	May 2016	Fluid Machinery and Heat Engines 2016  May (2015 Ad).PDF
Fluid Machinery and Heat Engines	EE 15-1302	EEE	2015	April 2018	Fluid machinery and heat engines 2018 April (2015 Ad).pdf
Fluid Machinery and Heat Engines	EE 15-1302	EEE	2015	May 2017	Fluid Machinery and Heat Engines 2017 May (2015 Ad).PDF
Fluid Machinery and Heat Engines	EE 15-1302	EEE	2015	November 2016	Fluid machinery and heat engines 2016 Nov (2015 Ad).pdf
Fluid Machinery and Heat Engines	EE 15-1302	EEE	2015	November 2017	Fluid machinery and heat engines 2017 Nov (2015 Ad).pdf
Fluid Machinery and Heat Engines	EE 15-1302	EEE	2015	November 2020	Fluid Machinery and Heat Engines 2020 Nov (2015 Ad).pdf
Fluid Machinery and Heat Engines	EE 15-1302	EEE	2018	April 1	Fluid machinery and heat engines (1) 2018 April (2015 Ad).pdf
Fluid Mechanics	CE 17P 1105	CE	2017	April 2020	Fluid Mechanics 2020  April (2017 Ad).pdf
Fluid Mechanics	CE 19-201-0305	CE	2019	February 2022	Fluid Mechanics 2022 February (2019 Ad.).pdf
Fluid Mechanics	CE 23-201-0305	CE	2025	November 1	Fluid Mechanics-1 2025 Nov (2023 Ad).pdf
Fluid Mechanics	ME 15-1304	ME	2015	April 2021	Fluid Mechanics 2021 Apr.(2015 Ad).pdf
Fluid Mechanics	ME 15-1304	ME	2015	May 2017	Fluid Mechanics 2017 May (2015 Ad).PDF
Fluid Mechanics	ME 15-1304	ME	2015	November 2018	Fluid Mechanics 2018 Nov  (2015 Ad).pdf
Fluid Mechanics	ME 15-1304	ME	2015	November 2020	Fluid Mechanics 2020 Nov  (2015 Ad).pdf
Fluid Mechanics	ME 17P 1104	ME	2017	April 2019	Fluid Mechanics 2019 April(2017 Ad.).pdf
Fluid Mechanics	ME 17P 1104	ME	2017	April 2020	Fluid Mechanics 2020-1  April (2017 Ad).pdf
Fluid Mechanics	ME 19-205-0304	ME	2019	February 2022	Fluid Mechanics  2022 Feb (2019 Ad).pdf
Fluid Mechanics	ME 19-205-0304	ME	2019	July 2024	Fluid Mechanics  2024 July  (2019 Ad).pdf
Fluid Mechanics	ME 19-205-0304	ME	2019	November 2023	Fluid Mechanics  2023 Nov (2019 Ad).pdf
Fluid Mechanics I	CE 15-1305	CE	2015	April 2021	Fluid Mechanics I 2021 Apr.(2015 Ad)pdf
Fluid Mechanics I	CE 15-1305	CE	2015	May 2017	Fluid Mechanics I 2017 May (2015 Ad).PDF
Fluid Mechanics I	CE 15-1305	CE	2015	November 2018	Fluid Mechanics I 2018 Nov (2015 Ad).pdf
Fluid Mechanics I	CE 15-1305	CE	2015	November 2020	Fluid Mechanics I 2020 Nov (2015 Ad).pdf
Fluid Mechanics I	CE 15-1305	CE	2015	November 2021	Fluid Mechanics I 2021 Nov (2015 Ad).pdf
Fluid Mechanics I	CE 19-201-0305	CE	2019	November 2023	Fluid Mechanics  I 2023 Nov  (2019 Ad.).pdf
Fluid Mechanics I	CE 23-201-0305	CE	2023	November 2024	Fluid Mechanics-I. 2024 Nov (2023 Ad.).pdf
Fluid Mechanics II			2012	April 2019	Fluid Mechanics II  2019 April  (2012 Ad).pdf
Fluid Mechanics II			2017	September 2024	Fluid Mechanics II   2024 Sept  (2017 Ad)_0001.pdf
Fluid Mechanics II	CE 15-1405	CE	2015	April 2017	Fluid Mechanics II 2017  April (2015 Ad).PDF
Fluid Mechanics II	CE 15-1405	CE	2015	April 2018	Fluid Mechanics  II 2018 April (2015).pdf
Fluid Mechanics II	CE 15-1405	CE	2015	April 2019	Fluid Mechanics II 2019  April (2015).pdf
Fluid Mechanics II	CE 15-1405	CE	2015	April 2022	Fluid Mechanics II 2022 April (2015 Ad.).pdf
Fluid mechanics II	CE 15-1405	CE	2015	February 2020	Fluid mechanics II 2020 Feb (2015 scheme).pdf.pdf
Fluid Mechanics II	CE 17P 1205	CE	2017	November 2020	Fluid Mechanics II   2020  Nov (2017 Ad).pdf
Fluid Mechanics II	CE 19-201-0405	CE	2019	April 2026	Fluid Mechanics II 2026 Apr (2019 Ad.).pdf
Fluid Mechanics II	CE 19-201-0405	CE	2019	July 2024	Fluid Mechanics II 2024 July  (2019 Ad.)_0001.pdf
Fluid Mechanics II	CE 19-201-0405	CE	2019	June 2022	Fluid Mechanics II 2022 June (2019 Ad.).pdf
Fluid Mechanics II	CE 23-201-0405	CE	2023	April 2025	Fluid Mechanics II 2025 April(2023 Ad.).pdf
Fluid Mechinery and Heat Engines	EE 15-1302	EEE	2015	April 2021	Fluid Mechinery and Heat Engines 2021 Apr. (2015 Ad).pdf
Fluid Mechinery and Heat Engines	EE 15-1302	EEE	2015	November 2021	Fluid Mechinery and Heat Engines  2021 Nov (2015 Ad.).pdf
Formal Languages and Automata Theory	IT 19-204-0505	IT	2019	January 2023	Formal Languages and Automata Theory 2023 Janu (2019 Ad.)
Formal Languages and Automata Theory	IT 19-204-0505	IT	2019	June 2024	Formal Languages and Automata Theory 2024 June (2019 Ad.).pdf
Formal Languages and Automata Theory	IT 19-204-0505	IT	2019	November 2021	Formal Languages and Automata Theory 2021 Nov (2019 Ad.).pdf
Formal Languages and Automata Theory	IT 19-204-0505	IT	2019	September 2022	Formal Languages and Automata Theory 2022 Sept (2019 Ad.).pdf
Formal Languages Automata and Computations	IT 15-1402	IT	2015	April 2017	Formal Languages Automata and Computations 2017  April (2015 Ad).PDF
Formal Languages Automata and Computations	IT 15-1402	IT	2015	April 2018	Formal Languages Automata and Computations 2018  April (2015 Ad).pdf
Formal Languages Automata and Computations	IT 15-1402	IT	2015	April 2019	Formal Languages Automata and Computations 2019  April (2015).pdf
Formal Languages Automata and Computations	IT 15-1402	IT	2015	April 2021	Formal Languages Automata and Computations 2021  April (2015 Ad).pdf
Formal Languages Automata and Computations	IT 15-1402	IT	2015	February 2020	Formal Languages Automata and Computations 2020 Feb (2015 Ad).pdf
Foundation for Machine Learning	EE/IT/ME/SE 23-202	EEE	2023	April 2025	Foundation for Machine Learning 2025 April (2023 Ad.).pdf
Foundations of Data Management and Structure	ME/SE/CE/EE 23-204-0310	ME	2023	November 2024	Foundations of Data Management and Structure. 2024 Nov (2023 Ad.).pdf
FPGA Based System Design	EC 19-203-0606	ECE	2019	April 2026	FPGA Based System Design 2026 Apr (2019 Ad.).pdf
FPGA Based System Design	EC 19-203-0606(IE)	ECE	2019	June 2023	FPGA Based System Design  2023 June  (2019 Ad.)
Fundamentals of Combustion and Pollution	ME 15-1606	ME	2015	April 2019	Fundamentals of Combustion and Pollution 2019 April(2015 Ad).pdf
Fundamentals of Electrical Machines	EE/ME/SE/CE 23-209-0310	EEE	2023	November 2024	Fundamentals of Electrical Machines. 2024 Nov (2023 Ad.).pdf
Geotechincal Engineering I	CE 15-1504	CE	2015	November 2017	Geotechincal Engineering I 2017 Nov (2015 Ad).pdf
Geotechnical Engineering I	CE 15-1504	CE	2015	April 2018	Geotechnical Engineering I 2018 April (2015 Ad).pdf
Geotechnical Engineering I	CE 15-1504	CE	2015	April 2019	Geotechnical Engineering I 2019 April (2015 Ad).pdf
Geotechnical Engineering I	CE 15-1504	CE	2015	April 2021	Geotechnical Engineering I 2021  April (2015 Ad).pdf
Geotechnical Engineering I	CE 15-1504	CE	2015	April 2022	Geotechnical Engineering I 2022  April (2015 Ad).pdf
Geotechnical Engineering I	CE 15-1504	CE	2015	November 2018	Geotechnical Engineering I 2018 Nov (2015 Ad).pdf
Geotechnical Engineering I	CE 17P 1304	CE	2017	April 2019	Geotechnical Engineering I 2019 April(2017 Ad.).pdf
Geotechnical Engineering I	CE 19-201-0504	CE	2019	January 2023	Geotechnical Engineering I 2023 Janu  (2019 Ad).pdf
Geotechnical Engineering I	CE 19-201-0504	CE	2019	June 2024	Geotechnical Engineering-I 2024 June (2019 Ad.).pdf
Geotechnical Engineering I	CE 19-201-0504	CE	2019	November 2021	Geotechnical Engineering I 2021 Nov (2019 Ad).pdf
Geotechnical Engineering I	CE 19-201-0504	CE	2019	September 2022	Geotechnical Engineering I 2022 Sept  Nov (2019 Ad).pdf
GeoTechnical Engineering I	CE 23-201-0406	CE	2023	April 2025	GeoTechnical Engineering I 2025 April(2023 Ad.).pdf
Geotechnical Engineering II	CE 15-1604	CE	2015	April 2018	Geotechnical Engineering II  2018 April (2015 Ad).pdf
Geotechnical Engineering II	CE 15-1604	CE	2015	April 2022	Geotechnical Engineering II 2022 april (2015 Ad. )
Geotechnical Engineering II	CE 15-1604	CE	2015	January 2019	Geotechnical Engineering II 2019 Jan (2015 Ad).pdf
Geotechnical Engineering II	CE 15-1604	CE	2015	July 2019	Geotechnical Engineering II 2019 Jul (2015 Ad).pdf
Geotechnical Engineering II	CE 17P 1404	CE	2017	November 2020	Geotechnical Engineering II 2020 Nov (2017 Ad.).pdf
Geotechnical Engineering II	CE 19-201-0604	CE	2019	April 2026	Geotechnical Engineering-II 2026 Apr (2019 Ad.).pdf
Geotechnical Engineering II	CE 19-201-0604	CE	2019	November 2022	Geotechnical Engineering II 2022 Nov (2019 Ad.).pdf
Geotechnical Engineering II	CE 23-201-0505	CE	2023	November 2025	Geotechnical Engineering-II. 2025 Nov (2023 Ad.).pdf
Ground Improvement Technique	CE 19-201-0704(HE)	CE	2019	May 2024	Ground Improvement Technique 2024 May (2019 Ad.).pdf.pdf
Ground Improvement Techniques	CE 15-1705	CE	2015	November 2019	Ground Improvement Techniques 2019 No (2015 Ad).pdf
Ground Improvement Techniques	CE 15-1705	CE	2015	November 2020	Ground Improvement Techniques 2020 Nov (2015 Ad).pdf
Ground Improvement Techniques	CE 19-201-0704(IE)	CE	2019	April 2026	Ground Improvement Techniques 2026 Apr (2019 Ad.).pdf
Ground Improvement Techniques	CE 19-201-0704(IE)	CE	2019	March 2023	Ground Improvement Techniques 2023 March (2019 Ad).pdf
Ground improvement Techniques	CE 19-201-0704(IE)	CE	2019	November 2023	Ground improvement techniques 2023 Nov. (2019 Ad.).pdf
Ground Modification Techniques	CE 15-1705	CE	2015	April 2022	Ground modification techniques 2022 April (2015 Ad.).pdf
Ground Modification Techniques	CE 15-1705	CE	2015	November 2021	Ground modification techniques 2021 Nov (2015 Ad.).pdf
Ground Modification Techniques	CE 15-1705	CE	2015	November 2021	Ground Modification Techniques 2021 Nov (2015 Ad).pdf
Hazard Control in Manufacturing	SE 15-1603	SFE	2015	April 2018	Hazard Control in Manufacturing 2018 April (2015 Ad).pdf
Hazard Control in Manufacturing	SE 15-1603	SFE	2015	July 2019	Hazard Control in Manufacturing 2019 Jul (2015 Ad).pdf
Hazard Control in manufacturing	SE 19-206-0801	SFE	2019	April 2023	Hazard Control in manufacturing 2023 April (2019 Ad.).pdf
Hazard Identification and Risk Assessment	SE 15-1701	SFE	2015	April 2019	Hazard Identification and Risk Assessment 2019 April (2015 Ad).pdf
Hazard Identification and Risk Assessment	SE 15-1701	SFE	2015	April 2021	Hazard Identification and Risk Assessment 2021 April (2015 Ad)
Hazard Identification and Risk Assessment	SE 15-1701	SFE	2015	April 2022	Hazard identification and risk assessment 2022 April (2015 Ad.).pdf
Hazard Identification and Risk Assessment	SE 15-1701	SFE	2015	November 2018	Hazard Identification and Risk Assessment 2018 Nov (2015 Ad).pdf
Hazard Identification and Risk Assessment	SE 15-1701	SFE	2015	November 2019	Hazard Identification and Risk Assessment 2019 Nov (2015 Ad).pdf
Hazard Identification and Risk Assessment	SE 15-1701	SFE	2015	November 2020	Hazard Identification and Risk Assessment 2020 Nov (2015 Ad).pdf
Hazard Identification and Risk Assessment	SE 19-206-0701	SFE	2019	April 2026	Hazard Identification and Risk Assessment 2026 Apr (2019 Ad.).pdf
Hazard Identification and Risk Assessment	SE 19-206-0701	SFE	2019	March 2023	Hazard Idetification and Risk Management 2023 March (2019 Ad).pdf
Hazard Identification and Risk Assessment	SE 19-206-0701	SFE	2019	May 2024	Hazard Idetification and Risk Management 2024 May  (2019 Ad).pdf
Hazard Identification and Risk Assessment	SE 19-206-0701	SFE	2019	November 2023	Hazard Idetification and Risk Management 2023 Nov  (2019 Ad).pdf
Hazard Identification and Risk Assessment	SE 19-206-0701	SFE	2019	November 2024	Hazard Identification and Risk Assessment 2024 Nov (2019 Ad.).pdf
Heat and Mass Transfer	ME 15-1604	ME	2015	April 2018	Heat And Mass Transfer 2018 April  (2015 Ad).pdf
Heat and Mass Transfer	ME 15-1604	ME	2015	April 2022	Heat and Mass Transfer 2022 April  (2015 Ad. )
Heat and Mass Transfer	ME 15-1604	ME	2015	January 2019	Heat And Mass Transfer 2019 Janu  (2015 Ad).pdf
Heat and Mass Transfer	ME 17-218-0502	ME	2017	May 2025	Heat and Mass Transfer 2025 May (2017 Ad.).pdf
Heat and Mass Transfer	ME 17P 1502	ME	2017	April 2023	Heat and Mass Transfer 2023 April (2017 Ad.).pdf
Heat and Mass Transfer	ME 19-205-0604	ME	2019	April 2022	Heat and Mass Transfer   2022 April (2019 Ad. ).pdf
Heat and Mass Transfer	ME 19-205-0604	ME	2019	April 2026	Heat and Mass Transfer 2026 Apr (2019 Ad.).pdf
Heat and Mass Transfer	ME 19-205-0604	ME	2019	June 2023	Heat and Mass Transfer   2023 June  (2019 Ad. ).pdf
Heat and Mass Transfer	ME 19-205-0604	ME	2019	November 2022	Heat and mass transfer 2022 Nov (2019 Ad.).pdf
Heat and Mass Transfer Operations			2015	April 2019	Heat and Mass Transfer operations 2019 April (2015).pdf
Heat and Mass Transfer Operations	SE 15-1402	SFE	2015	April 2018	Heat and Mass Transfer Operations 2018 April (2015).pdf
Heat and Mass Transfer Operations	SE 15-1402	SFE	2015	April 2021	Heat and Mass Transfer Operations 2021 Apr. (2015 Ad).pdf
Heat and Mass Transfer Operations	SE 15-1402	SFE	2015	February 2020	Heat and mass transfer operations  2020 Feb (2015 scheme).pdf.pdf
Heat and Mass Transfer Operations	SE 19-206-0402	SFE	2019	April 2026	Heat and Mass Transfer Operations 2026 Apr (2019 Ad.).pdf
Heat and Mass Transfer Operations	SE 19-206-0402	SFE	2019	July 2024	Heat and Mass Transfer Operations 2024 July  (2019 Ad.)_0001.pdf
Heat and Mass Transfer Operations	SE 19-206-0402	SFE	2019	June 2022	Heat and Mass Transfer Operations 2022 June (2019 Ad.).pdf
Heat Transfer Operations	SE 23-206-0402	SFE	2023	April 2025	Heat Transfer Operations 2025 April(2023 Ad.).pdf
History and Philosophy of Science	SE 19-206-0810	SFE	2019	April 2023	History and Philosophy of Science 2023 April (2019 Ad.).pdf
Human Factors Engineering	SE 15-1801	SFE	2015	August 2022	Human Factors Engineering 2022 August (2015 Ad.).pdf
Human Factors Engineering	SE 15-1801	SFE	2015	July 2019	Human Factors Engineering 2019 Jul (2015 Ad).pdf
Human Factors Engineering	SE 19-206-0803	SFE	2019	April 2023	Human Factors Engineering 2023 April (2019 Ad.).pdf
HVDC and FACTS	EE 19-209-0702	EEE	2019	April 2026	HVDC and FACTS 2026 Apr (2019 Ad.).pdf
HVDC and FACTS	EE 19-209-0702	EEE	2019	March 2023	HVDC and FACTS   2023 March (2019 Ad).pdf
HVDC and FACTS	EE 19-209-0702	EEE	2019	May 2024	HVDC and FACTS  2024 May (2019 Ad.).pdf.pdf
HVDC and FACTS	EE 19-209-0702	EEE	2019	November 2024	HVDC and FACTS  2024 Nov  (2019 Ad.)_0001.pdf
HVDC and FACTS	EE 19-209-0702	EEE	2019	November 2025	HVDC and FACTS  2025 Nov  (2019 Ad.)_0001.pdf
Hydralic Machinery			2017	September 2024	Hydralic Machinery  2024 Sept  (2017 Ad)_0001.pdf
Hydraulic Machinery	ME 1405	ME	2012	April 2019	Hydraulic Machinery   2019  April (2012 Ad).pdf
Hydraulic Machinery	ME 15-1405	ME	2015	April 2017	Hydraulic Machinery 2017 April (2015 Ad).PDF
Hydraulic machinery	ME 15-1405	ME	2015	April 2019	Hydraulic machinery 2019 April (2015 scheme).pdf
Hydraulic machinery	ME 15-1405	ME	2015	February 2020	Hydraulic machinery 2020 Feb (2015 scheme).pdf.pdf
Hydraulic Machinery	ME 19-205-0405	ME	2019	April 2026	Hydraulic Machinery 2026 Apr (2019 Ad.).pdf
Hydraulic Machinery	ME 19-205-0405	ME	2019	June 2022	Hydraulic Machinery 2022 June (2019 Ad.).pdf
Hydraulic Machinery	ME 19-205-0405	ME	2019	June 2024	Hydraulic Machinery 2024 June (2019 Ad.).pdf
Industrial Automation	EE 15-1705	EEE	2015	April 2021	Industrial Automation 2021 April (2015 Ad.)pdf
Industrial Automation	EE 15-1705	EEE	2015	April 2021	Industrial Automation 2021 April (2015 Ad)
Industrial automation	EE 15-1705	EEE	2015	April 2022	Industrial automation 2022 April (2015 Ad.).pdf
Industrial Automation	EE 15-1705	EEE	2015	November 2020	Industrial Automation 2020 Nov (2015 Ad).pdf
Industrial Automation	EE 23-209-0506(IE)	EEE	2023	November 2025	Industrial Automation. 2025 Nov (2023 Ad.).pdf
Industrial Management			2019	November 2021	Industrial Management 2021 Nov (2019 A d.).pdf
Industrial Management	ME 15-1505	ME	2015	April 2018	Industrial Management   2018 April  (2015 Ad).pdf
Industrial Management	ME 15-1505	ME	2015	April 2021	Industrial Management 2021 Apr.(2015 Ad).pdf
Industrial Management	ME 15-1505	ME	2015	November 2017	Industrial Management   2017 Nov   (2015 Ad).pdf
Industrial Management	ME 15-1505	ME	2015	November 2018	Industrial Management   2018 Nov  (2015 Ad).pdf
Industrial Management	ME 15-1505	ME	2015	November 2021	Industrial Management   2021 Nov  (2015 Ad).pdf
Industrial Management	ME 19-205-0506(IE)	ME	2019	June 2024	Industrial Management 2024 June (2019 Ad.).pdf
Industrial Management	ME 19-205-0506(IE)	ME	2019	September 2022	Industrial Management 2022 Sept (2019 A d.).pdf
Industrial Waste Engineering and Management	CE 19-201-0710	CE	2019	April 2026	Industrial Waste Engineering and Management 2026 Apr (2019 Ad.).pdf
Industrial Waste Engineering and Management	CE 19-201-0710	CE	2019	March 2023	Industrial Waste Engineering and Management 2023 March (2019 Ad).pdf
Industrial Waste Engineering and Management	CE 19-201-0710	CE	2019	November 2023	Industrial Waste Engineering and Management 2023 Nov (2019Ad.).pdf
Information Theory and Coding	EC 15-1604	ECE	2015	April 2018	Information Theory and Coding 2018 April (2015 Ad).pdf
Information Theory and Coding	EC 15-1604	ECE	2015	April 2022	Information Theory and Coding 2022 April (2015 Ad. )
Information Theory and Coding	EC 15-1604	ECE	2015	January 2019	Information Theory and Coding  2019 Jan (2015 Ad).pdf
Information Theory and Coding	EC 15-1604	ECE	2015	July 2019	Information Theory and Coding 2019 Jul (2015 Ad).pdf
Information Theory and Coding	EC 19-203-0604	ECE	2019	April 2022	Information Theory and Coding  2022 April ( 2019 Ad.pdf
Information Theory and Coding	EC 19-203-0604	ECE	2019	April 2026	Information Theory and Coding 2026 Apr (2019 Ad.).pdf
Information theory and coding	EC 19-203-0604	ECE	2019	June 2023	Information theory and coding 2023 June (2019 Ad.)
Information theory and coding	EC 19-203-0604	ECE	2019	November 2022	Information theory and coding 2022 Nov (2019 Ad.).pdf
Inorganic Chemical Technology	CH 17P 1305		2017	April 2019	Inorganic Chemical Technology 2019 April(2017 Ad.).pdf
Inorganic Chemical Technology	CH 17P 1305		2017	April 2020	Inorganic Chemical Technology 2020 April(2017 Ad.).pdf
Intellectual Property Rights	EC 19-203-0711	ECE	2019	April 2026	Intellectual Property Rights 2026 Apr (2019 Ad.).pdf
Intellectual Property Rights	EC 19-203-0711	ECE	2019	May 2024	Intellectual Property Rights 2024 May (2019 Ad.).pdf.pdf
Internet Architecture And Design	IT 23-204-0505	IT	2023	November 2025	Internet Architecture And Design. 2025 Nov (2023 Ad.).pdf
Internet of Things	IT 15-1704	IT	2015	April 2019	Internet of Things 2019 April (2015 Ad).pdf
Internet of Things	IT 15-1704	IT	2015	November 2018	Internet of Things 2018 Nov (2015 Ad).pdf
Internet of Things	IT 15-1704	IT	2015	November 2019	Internet of Things 2019 Nov (2015 Ad).pdf
Internet of Things	IT 15-1704	IT	2015	November 2020	Internet of Things 2020 Nov (2015 Ad).pdf
Internet of Things	IT 19-204-0601	IT	2019	April 2022	Internet of Things 2022 April (2019 Ad. )
Internet of Things	IT 19-204-0601	IT	2019	April 2026	Internet of Things 2026 Apr (2019 Ad.).pdf
Internet of Things	IT 19-204-0601	IT	2019	May 2024	Internet of Things 2024 May (2019 Ad.).pdf.pdf
Internet of Things	IT 19-204-0601	IT	2019	November 2022	Internet of things 2022 Nov (2019 Ad.).pdf
Internet of Things	IT 23-204-0503	IT	2023	November 2025	Internet of Things. 2025 Nov (2023 Ad.).pdf
Internet of Things	TT 15-1704		2015	April 2022	Internet of things 2022 April (2015 Ad.).pdf
Internet of Things and application	CS 19-202-0705	CSE	2019	May 2024	Internet of things and application 2024 May (2019 Ad.).pdf.pdf
Internet Programming	IT 15-1506	IT	2015	April 2018	Internet Programming  2018 April (2015 Ad).pdf
Internet Programming	IT 15-1506	IT	2015	April 2021	Internet Programming 2021 Apr.(2015 Ad).pdf
Internet Programming	IT 15-1506	IT	2015	April 2022	Internet Programming 2022 April  (2015 Ad).pdf
Internet Programming	IT 15-1506	IT	2015	November 2017	Internet Programming 2017 Nov (2015 Ad).pdf
Internet Programming	IT 19-204-0405	IT	2019	April 2026	Internet Programming 2026 Apr (2019 Ad.).pdf
Internet Programming	IT 19-204-0405	IT	2019	July 2024	Internet Programming 2024 July  (2019 Ad.).pdf
Internet Programming	IT 19-204-0405	IT	2019	June 2022	Internet Programming 2022 June (2019 Ad.).pdf
Internet Programming	IT 23-204-0302	IT	2023	November 2025	Internet Programming 2025 Nov (2023 Ad.).pdf
Introduction to Communication Engineering	EC 23-203-0405	ECE	2023	April 2025	Introduction to Communication Engineering 2025 April (2023 Ad.).pdf
Introduction to Cyber Physical Systems	EE/EC/CS/IT 23-200-0205	EEE	2023	July 2024	Introduction to Cyber Physical Systems 2024 July (2023 Ad.).pdf
Introduction to Electrical Engineering	EE/EC/CS/IT 23-200-0104	EEE	2023	June 2024	Introduction to Electrical Engineering 2024 June (2023 Ad.).pdf
Introduction to Electrical Engineering	EE/EC/CSAT 25-200-0104	EEE	2025	November 2025	Introduction to Electrical Engineering 2025 Nov (2025 Ad.).pdf
Introduction to Electronic Devices and Circuits	EE/EC/CS/IT 23-200-0103	EEE	2023	November 2023	Introduction to Electronic Devices and Circuits 2023 Nov (2023 Ad.).pdf
Introduction to Electronic Devices and Circuits	EE/EC/CSAT 23-200-0103	EEE	2023	2024	Introduction to Electronics Devices and Circuits 2024 (2023 Ad.).pdf
Introduction to Electronic Devices and Circuits	EE/EC/CSAT 25-200-0103	EEE	2025	November 2025	Introduction to Electronics Devices and Circuits 2025 Nov (2025 Ad.).pdf
Introduction to Machine Learning	EC 19-203-0811	ECE	2019	April 2023	Introduction to Machine Learning 2023 April ( 2019 Ad.).pdf
Introduction to Machine Learning	EE 19-209-0506(IE)	EEE	2019	June 2024	Introduction to Machine Learning 2024 June (2019 Ad.).pdf
Introduction to Machine Learning	EE 19-209-0506(IE)	EEE	2019	November 2021	Introduction to Machine Learning2021 Nov (2019 Ad.).pdf
Introduction to Machine Learning	EE 19-209-0506(IE)	EEE	2019	November 2022	Introduction to Machine Learning2022 Nov (2019 Ad.)
Introduction to Machine Learning	EE 19-209-0506(IE)	EEE	2019	September 2022	Introduction to Machine Learning 2022 Sept (2019 Ad.)
Introduction to Materials and Processing	ME/SE/EE/CE 23-205-0311	ME	2023	November 2024	Introduction to Materials and Processing 2024 Nov (2023 Ad.).pdf
Introduction to Modern Application Development	ME/SE/EE/CE 23-204-0311	ME	2023	November 2024	Introduction to Modern Application Development. 2024 Nov (2023 Ad.).pdf
Introduction to Python Programming	CS 23-202-0310	CSE	2023	November 2025	Introduction to Python Programming.2025 Nov (2023 Ad.).pdf
Introduction to Python Programming	ME/SE/EE/CE 23-202-0310	ME	2023	November 2024	Introduction to Python Programming. 2024 Nov (2023 Ad.).pdf
IoT System Design	EC 15-1705	ECE	2015	April 2021	Iot System Design 2021 April (2015 Ad).pdf
IoT System Design	EC 15-1705	ECE	2015	April 2022	IoT system design 2022 April (2015 Ad.).pdf
IoT System Design	EC 15-1705	ECE	2015	November 2020	Iot System Design 2020 Nov (2015 Ad).pdf
IoT System Design	EC 19-203-0704(IE)	ECE	2019	April 2026	IoT System Design 2026 Apr (2019 Ad.).pdf
IoT System Design	EC 19-203-0704(IE)	ECE	2019	May 2024	IoT System Design 2024 May (2019 Ad.).pdf.pdf
Knowledge Engineering	IT 15-1503	IT	2015	April 2018	Knowledge Engineering 2018 April (2015 Ad).pdf
Knowledge Engineering	IT 15-1503	IT	2015	April 2021	Knowledge Engineering 2021 Apr.(2015 Ad).pdf
Knowledge Engineering	IT 15-1503	IT	2015	November 2017	Knowledge Engineering 2017 Nov (2015 Ad).pdf
Knowledge Engineering	IT 15-1503	IT	2015	November 2020	Knowledge Engineering  2020 Nov (2015 Ad).pdf
Knowledge Engineering	IT 15-1503	IT	2015	November 2021	Knowledge Engineering 2021 Nov (2015 Ad).pdf
Legal Aspects Of HSE	SE 15-1601	SFE	2015	April 2018	Legal Aspects Of HSE 2018 April (2015 Ad).pdf
Legal Aspects Of HSE	SE 15-1601	SFE	2015	January 2019	Legal Aspects Of HSE 2019 Janu  (2015 Ad).pdf
Legal Aspects of HSE	SE 15-1601	SFE	2015	July 2019	Legal Aspects of HSE 2019 Jul (2015 Ad).pdf
Legal Aspects of HSE	SE 19-206-0601	SFE	2019	April 2022	Legal Aspects of HSE 2022 April (2019 Ad.)
Legal Aspects of HSE	SE 19-206-0601	SFE	2019	April 2026	Legal Aspects of HSE 2026 Apr (2019 Ad.).pdf
Life Safety in Building Fire	SE 15-1704	SFE	2015	April 2021	Life Safety in Building Fire 2021 April (2015 Ad)
Life Safety in Building Fire	SE 15-1704	SFE	2015	April 2022	Life safety in building fire 2022 April (2015 Ad.).pdf
Life Safety in Building Fire	SE 15-1704	SFE	2015	November 2018	Life Safety in Building  Fire  2018 Nov.(2015 Ad.).pdf
Life Safety in Building Fire	SE 15-1704	SFE	2015	November 2019	Life Safety in Building  Fire  2019 Nov.(2015 Ad.).pdf
Life Safety in Building Fire	SE 15-1704	SFE	2015	November 2019	Life Safety in Building  Fire  2019 Nov.(2015 Ad.)1.pdf
Life Safety in Building Fire	SE 15-1704	SFE	2015	November 2020	Life Safety in Building Fire 2020 Nov (2015 Ad).pdf
Life Safety in Building Fire	SE 19-206-0604	SFE	2019	April 2022	Life Safety in Building Fire  2022 April (2019 Ad.pdf
Life Safety in Building Fire	SE 19-206-0604	SFE	2019	April 2026	Life Safety in Building Fire 2026 Apr (2019 Ad.).pdf
Life Safety in Building Fire	SE 19-206-0604	SFE	2019	November 2022	Life safety in building fire 2022 Nov (2019 Ad.).pdf
Linear Algebra and Calculus	AS 17P 1101	Applied Science and Humanities	2017	April 2019	Linear Algebra and Calculus 2019 April(2017 Ad.).pdf
Linear Algebra and Calculus	AS 17P 1101	Applied Science and Humanities	2017	April 2020	Linear Algebra and Calculus 2020 April(2017 Ad.).pdf
Linear Algebra and Calculus	CE/ME 17-217-0101	CE	2017	June 2024	Linear Algebra and Calculus 2024 JUNE (2017Ad.).pdf.pdf
Linear Algebra and Transform Techniques			2023	July 2024	Linear Algebra and Transform Techniques 2024 July (2023 Ad.).pdf
Linear Algebra and Transform Techniques	AS 15-1301	Applied Science and Humanities	2015	April 2018	Linear Algebra and Transform Techniques 2018 April (2015 Ad).pdf
Linear Algebra and Transform Techniques	AS 15-1301	Applied Science and Humanities	2015	April 2019	Linear Algebra and Transform Techniques 2019 April(2015 Ad).pdf
Linear Algebra and Transform Techniques	AS 15-1301	Applied Science and Humanities	2015	April 2021	Linear Algebra and Transform Techniques 2021 Apr.(2015Ad).pdf
Linear Algebra and Transform Techniques	AS 15-1301	Applied Science and Humanities	2015	May 2017	Linear Algebra and Transform Techniques 2017 May (2015 Ad).PDF
Linear Algebra and Transform Techniques	AS 15-1301	Applied Science and Humanities	2015	November 2016	Linear Algebra and Transform Techniques 2016 Nov (2015 Ad).PDF
Linear Algebra and Transform Techniques	AS 15-1301	Applied Science and Humanities	2015	November 2017	Linear Algebra and Transform Techniques 2017 Nov  (2015 Ad).pdf
Linear Algebra and Transform Techniques	AS 15-1301	Applied Science and Humanities	2015	November 2018	Linear Algebra and Transform Techniques 2018 Nov (2015 Ad).pdf
Linear Algebra and Transform Techniques	AS 15-1301	Applied Science and Humanities	2015	November 2019	Linear Algebra and Transform Techniques 2019 Nov.(2015 Ad.).pdf
Linear Algebra and Transform Techniques	AS 15-1301	Applied Science and Humanities	2015	November 2020	Linear Algebra and Transform Techniques 2020 Nov (2015 Ad).pdf
Linear Algebra and Transform Techniques	AS 15-1301	Applied Science and Humanities	2015	November 2025	Linear Algebra and Transform Techniques 2025 Nov (2015 Ad).pdf
Linear Algebra and Transform Techniques	CE/EE/ME/SE 19-200-0301	CE	2019	July 2024	Linear Algebra and Transform Techniques 2024 July   (2019 Ad.).pdf
Linear Algebra and Transform Techniques	CE/ME/SE 23-200-0301	CE	2023	November 2025	Linear Algebra And Transform Techniues. 2025 Nov (2023 Ad.).pdf
Linear Algebra and Transform Techniques	EE/IT/ME/SE 19-200-0301	EEE	2019	February 2022	Linear Algebra and Transform Techniques 2022 February (2019 Ad.).pdf
Linear Algebra and Transform Techniques	EE/IT/ME/SE 19-200-0301	EEE	2019	November 2023	Linear Algebra and Transform Techniques 2023 Nov  (2019 Ad.).pdf
Linear Algebra and Transform Techniues	CE/ME/SE 23-200-0301	CE	2023	November 2024	A Linear Algebra and Transform Techniues 2024 Nov (2023 Ad.).pdf
Linear Integrated Circuits	EE 15-1502	EEE	2015	April 2019	Linear Integrated Circuits 2019 April  (2015 Scheme).pdf
Linear Integrated Circuits	EE 15-1502	EEE	2015	April 2021	Linear Integrated Circuits  2021 April Nov (2015 Ad).pdf
Linear Integrated Circuits	EE 15-1502	EEE	2015	April 2022	Linear Integrated Circuits  2022 April Nov (2015 Ad).pdf
Linear Integrated Circuits	EE 15-1502	EEE	2015	November 2018	Linear Integrated Circuits 2018 Nov (2015 Scheme).pdf
Linear Integrated Circuits	EE 15-1502	EEE	2015	November 2020	Linear Integrated Circuits  2020 Nov (2015 Ad).pdf
Linear Integrated Circuits	EE 15-1502	EEE	2015	November 2021	Linear Integrated Circuits  2021 Nov (2015 Ad).pdf
Linear Integrated Circuits	EE 15-1502	EEE	2015	November 2022	Linear Integrated Circuits  2022 Nov (2015 Ad).pdf
Linear Integrated Circuits	EE 19-209-0505	EEE	2019	January 2023	Linear integrated Circuits 2023 Janu (2019 Ad.)
Linear Integrated Circuits	EE 19-209-0505	EEE	2019	June 2024	Linear Integrated Circuits 2024 June (2019 Ad.).pdf
Linear Integrated Circuits	EE 19-209-0505	EEE	2019	November 2021	Linear integrated Circuits 2021 Nov (2019 Ad.).pdf
Linear Integrated Circuits	EE 19-209-0505	EEE	2019	September 2022	Linear integrated Circuits 2022 Sept (2019 Ad.).pdf
Logic design	CS 15-1302	CSE	2015	April 2018	Logic design 2018 April (2015 Ad).pdf
Logic Design	CS 15-1302	CSE	2015	April 2021	Logic Design 2021 Apr.(2015 Ad)pdf
Logic Design	CS 15-1302	CSE	2015	May 2017	Logic Design 2017 May (2015 Ad).PDF
Logic Design	CS 15-1302	CSE	2015	November 2016	Logic Design  2016 Nov (2015 Ad).PDF
Logic Design	CS 15-1302	CSE	2015	November 2020	Logic Design 2020 Nov (2015 Ad).pdf
Logic Design	CS 19-202-0302	CSE	2019	February 2022	Logic Design 2022 February (2019 Ad.).pdf
Logic Design	CS 19-202-0302	CSE	2019	July 2024	Logic Design 2024  July   (2019 Ad.)_0001.pdf
Logic Design	CS 19-202-0302	CSE	2019	November 2023	Logic Design 2023 Nov  (2019 Ad.).pdf
Logic Design and Electronic Circuits	IT 15-1302	IT	2015	April 2021	Logic Design and Electronic Circuits 2021 Apr.(2015 Ad).pdf
Logic Design and Electronic Circuits	IT 15-1302	IT	2015	May 2017	Logic Design and Electronics Circuits 2017 May (2015 Ad).PDF
Logic Design and Electronic Circuits	IT 15-1302	IT	2015	November 2016	Logic Design and Electronic Circuit   2016  Nov (2015  Ad).PDF
Logic Design and Electronic Circuits	IT 15-1302	IT	2015	November 2020	Logic Design and Electronic Circuits 2020 Nov (2015 Ad).pdf
Low Power VLSI	EC 23-203-0515	ECE	2023	November 2025	LOW POWER VLSI Nov 2025 (2023 Ad.).pdf
Machine Design	ME 15-1602	ME	2018	April 1	Machine Design 1 2018 April  (2015 Ad).pdf
Machine Design	ME 19-205-0602	ME	2022	November 1	Machine design 1 2022 Nov(2019 Ad.).pdf
Machine Design	ME 19-205-0602	ME	2023	June 1	Machine design 1 2023 June (2019 Ad.)
Machine Design I	ME 15-1602	ME	2015	April 2022	Machine Design I 2022 April (2015 Ad. )
Machine Design I	ME 15-1602	ME	2015	January 2019	Machine Design I 2019 Jan (2015 Ad).pdf
Machine Design I	ME 17P 1402	ME	2017	November 2020	Machine Design I   2020  Nov (2017 Ad).pdf
Machine Design I	ME 19-205-0602	ME	2019	April 2022	Machine Design I 2022 April (2019 Ad. )
Machine Design I	ME 19-205-0602	ME	2019	April 2022	Machine Design I 2022 April (2019 Ad. ).pdf
Machine Design I	ME 19-205-0602	ME	2019	April 2026	Machine Design-I 2026 Apr (2019 Ad.).pdf
Machine Design II			2017	April 2023	Machine Design II   2023 April (2017 Ad).pdf
Machine Design II	ME 15-1703	ME	2015	April 2019	Machine Design II  2019 April (2015 Ad).pdf
Machine Design II	ME 15-1703	ME	2015	April 2021	Machine Design II 2021 April (2015 Ad)
Machine Design II	ME 15-1703	ME	2015	April 2022	Machine Design II 2022 April (2015 Ad.).pdf
Machine Design II	ME 15-1703	ME	2015	November 2018	Machine Design II  2018 Nov (2015 Ad).pdf
Machine Design II	ME 15-1703	ME	2015	November 2019	Machine Design II 2019 November (2015 Ad.).pdf
Machine Design II	ME 15-1703	ME	2015	November 2020	Machine Design II 2020 Nov (2015 Ad).pdf
Machine Design II	ME 17-218-0503	ME	2017	May 2025	Machine Design II 2025 May (2017 Ad.).pdf
Machine Design II	ME 19-205-0703	ME	2019	April 2026	Machine Design - II 2026 Apr (2019 Ad.).pdf
Machine Design II	ME 19-205-0703	ME	2019	March 2023	Machine Design II 2023 March (2019 Ad).pdf
Machine Design II	ME 19-205-0703	ME	2019	November 2023	Machine design II 2023 Nov. (2019 Ad.).pdf
Machine Design II	ME 19-205-0703	ME	2019	November 2025	Machine design II 2025 Nov. (2019 Ad.).pdf
Machine Design II	ME 19-205-703	ME	2019	May 2024	Machine Design II 2024 May (2019 Ad.).pdf.pdf
Machine Design II	ME15-1703	ME	2015	November 2023	Machine Design II 2023 Nov (2015 Ad.).pdf
Machine Drawing	ME 15-1306	ME	2015	April 2021	Machine Drawing 2021 Apr.(2015 Ad).pdf
Machine Drawing	ME 15-1306	ME	2015	May 2017	Machine Drawing 2017 May (2015 Ad).PDF
Machine Drawing	ME 15-1306	ME	2015	November 2018	Machine Drawing 2018 Nov (2015 Scheme).pdf
Machine Drawing	ME 15-1306	ME	2015	November 2020	Machine Drawing 2020 Nov (2015 Scheme).pdf
Machine Drawing	ME 19-205-0306	ME	2019	February 2022	Machine Drawing  2022 Feb (2019 Ad).pdf
Machine Drawing	ME 19-205-0306	ME	2019	July 2024	Machine Drawing  2024 July  (2019 Ad).pdf
Machine Drawing	ME 19-205-0306	ME	2019	November 2025	Machine Drawing  2025 Nov(2019Ad.).pdf
Machine Learning	CS 19-202-0507	CSE	2019	January 2023	Machine Learning 2023 janu   (2019 Ad.)
Machine Learning	CS 19-202-0507	CSE	2019	June 2024	Machine Learning 2024 June (2019 Ad.).pdf
Machine Learning	CS 19-202-0507	CSE	2019	November 2021	Machine Learning 2021 Nov (2019 Ad.).pdf
Machine Learning	CS 19-202-0507	CSE	2019	September 2022	Machine Learning 2022 Sept  (2019 Ad.).pdf
Machine Science and Machine Tools	ME 19-205-0503	ME	2019	January 2023	Machine Science and Machine Tools   2023 Janu  (2019 Ad).pdf
Machine Science and Machine Tools	ME 19-205-0503	ME	2019	June 2024	Machine Science and Machine Tools 2024 June (2019 Ad.).pdf
Machine Science and Machine Tools	ME 19-205-0503	ME	2019	November 2021	Machine Science and Machine Tools   2021  Nov  (2019 Ad).pdf
Machine Science and Machine Tools	ME 19-205-0503	ME	2019	November 2025	Machine Science and Machine Tools 2025 Nov (2019 Ad.).pdf
Machine Science and Machine Tools	ME 19-205-0503	ME	2019	September 2022	Machine Science and Machine Tools   2022  Sept  (2019 Ad).pdf
Machine Tools	ME 23-205-0503	ME	2023	November 2025	Machine Tools. 2025 Nov (2023 Ad.).pdf
Machine Tools and Machining Science	ME 15-1503	ME	2015	April 2018	Machine Tools and Machining Science   2018 April  (2015 Ad).pdf
Machine Tools and Machining Science	ME 15-1503	ME	2015	April 2021	Machine Tools and Machining Science 2021 Apr.(2015 Ad).pdf
Machine Tools and Machining Science	ME 15-1503	ME	2015	November 2017	Machine Tools and Machining Science   2017 Nov  (2015 Ad) (2).pdf
Machine Tools and Machining Science	ME 15-1503	ME	2015	November 2020	Machine Tools and Machining Science   2020  Nov  (2015 Ad).pdf
Machine Tools and Machining Science	ME 15-1503	ME	2015	November 2021	Machine Tools and Machining Science   2021  Nov  (2015 Ad).pdf
Machine Tools and Machining Science	ME 17P 1304	ME	2017	April 2019	Machine Tools and Machining Science 2019 April(2017 Ad).pdf
Machine Tools and Machining Science	ME 17P 1304	ME	2017	April 2020	Machine Tools and Machining Science 2020 April(2017 Ad).pdf
Manufacturing Processes	ME 15-1406	ME	2015	April 2017	Manufactruring Process 2017  April (2015 Ad).PDF
Manufacturing Processes	ME 15-1406	ME	2015	April 2018	Manufacturing Processes 2018 April (2015 Scheme).pdf
Manufacturing Processes	ME 15-1406	ME	2015	April 2022	Manufacturing processes 2022 April (2015 Ad.).pdf
Manufacturing Processes	ME 15-1406	ME	2015	February 2020	Manufacturing processes 2020 Feb (2015 scheme).pdf.pdf
Manufacturing Processes	ME 17P 1202	ME	2017	November 2020	Manufacturing Processes 2020 Nov (2017 Ad).pdf
Manufacturing Processes	ME 19-205-0406	ME	2019	June 2022	Manufacturing Process 2022 June (2019 Ad.).pdf
Manufacturing Processes	ME 19-205-0406	ME	2019	June 2024	Manufacturing Process 2024 June (2019 Ad.)_0001.pdf
Manufacturing Processes	ME 23-205-0406	ME	2023	April 2025	Manufacturing Processess 2025 April(2023 Ad.).pdf
Manufacturing Processes	SE 15-1505	SFE	2015	April 2017	Manufacturing Processes 2017  Apr.(2015 Ad).pdf
Manufacturing Processes	SE 15-1505	SFE	2015	April 2018	Manufacturing Processes 2018 Apr.(2015 Ad).pdf
Manufacturing Processes	SE 15-1505	SFE	2015	April 2021	Manufacturing Processes 2021 Apr.(2015 Ad).pdf
Manufacturing Processes	SE 15-1505	SFE	2015	November 2021	Manufacturing Processes 2021 Nov (2015 Ad).pdf
Manufacturing Processes	SE 15-1505	SFE	2015	November 2022	Manufacturing Processes 2022  Nov (2015 Ad).pdf
Manufacturing Processes	SE 19-206-0505	SFE	2019	January 2023	Manufacturing Processes 2023 January (2019 Ad.)
Manufacturing Processes	SE 19-206-0505	SFE	2019	June 2024	Manufacturing Processes 2024 June (2019 Ad.).pdf
Manufacturing Processes	SE 19-206-0505	SFE	2019	November 2021	Manufacturing Processes 2021 Nov (2019 Ad.).pdf
Manufacturing Processes	SE 19-206-0505	SFE	2019	September 2022	Manufacturing Processes 2022 Sept  (2019 Ad.).pdf
Manufacturing Processes	SE 23-206-0406	SFE	2023	April 2025	Manufacturing Process 2025 April(2023 Ad.).pdf
Mass Transfer Operations	SE 23-206-0502	SFE	2023	November 2025	Mass Transfer Operations. 2025 Nov (2023 Ad.).pdf
Mass Transfer Operations II	CH 17P 1501		2017	April 2023	Mass Transfer Operations II  2023 April (2017 Ad.).pdf
Material Science and Engineering			2017	September 2024	Material Science and Engineering 2024 Sept  (2017 Ad)_0001.pdf
Material Science and Engineering	CH 17P 1202		2017	November 2020	Material Science and Engineering 2020 Nov (2017 Ad).pdf
Materials Management			2015	April 2019	Materials Management 2019 April (2015 Ad).pdf
Materials Management	ME 15-1804	ME	2015	August 2022	Materials Management 2022 August (2015 Ad.).pdf
Materials Management	ME 15-1804	ME	2015	July 2019	Materials Management 2019 Jul (2015 Ad).pdf
Materials Management	ME 17-218-0703	ME	2017	May 2024	Materials Management 2024 May (2017 Ad.).pdf.pdf
Materials Management	ME 19-205-0802	ME	2019	April 2023	Materials Management 2023 April (2019 Ad).pdf
Mathematical foundation for machine learning	CS 23-202-0501	CSE	2023	November 2025	Mathematical foundation for machine learning Nov 2025(2023 Ad.).pdf
Matrix Methods Of Structural Analysis	CE 15-1603	CE	2015	April 2018	Matrix Methods Of Structural Analysis 2018 April (2015 Ad).pdf
Matrix Methods Of Structural Analysis	CE 15-1603	CE	2015	April 2019	Matrix Methods Of Structural Analysis 2019 April (2015 Scheme).pdf
Matrix Methods Of Structural Analysis	CE 15-1603	CE	2015	January 2019	Matrix Methods Of Structural Analysis 2019 January (2015 Ad).pdf
Matrix Methods of Structural Analysis	CE 15-1603	CE	2015	July 2019	Matrix Methods of Structural Analysis 2019 Jul (2015 Ad).pdf
Matrix Methods of Structural Analysis	CE 17P 1403	CE	2017	November 2020	Matrix Methods of Structural Analysis 2020 November(2017 Ad).pdf
Measurements and Instrumentation	EE 23-209-0304	EEE	2023	November 2024	Measurements and Instrumentation. 2024 Nov (2023 Ad.).pdf
Measurements and Instrumentation	EE 23-209-0304	EEE	2023	November 2025	Measurements and Instrumentation  2025 Nov (2023 Ad.).pdf
Mechanics of Machinery	ME 15-1502	ME	2015	April 2021	Mechanics of Machinery 2021 Apr.(2015 Ad).pdf
Mechanics of Machinery	ME 15-1502	ME	2015	November 2018	Mechanics of Machinery 2018 Nov  (2015 Ad).pdf
Mechanics of Machinery	ME 15-1502	ME	2015	November 2020	Mechanics of Machinery 2020 Nov (2015 Ad).pdf
Mechanics of Machinery	ME 1502	ME	2015	November 2021	Mechanics of Machinery 2021 Nov (2015 Ad).pdf
Mechanics of Machinery	ME 17P 1303	ME	2017	April 2019	Mechanics of Machinery 2019 April(2017 Ad.).pdf
Mechanics of Machinery	ME 17P 1303	ME	2017	April 2020	Mechanics of Machinery 2020 April(2017 Ad.).pdf
Mechanics of Machinery	ME 19-205-0502	ME	2019	January 2023	Mechanics of Machinery 2023 Janu  (2019 Ad).pdf
Mechanics of Machinery	ME 19-205-0502	ME	2019	June 2024	Mechanics of Machinery 2024 June (2019 Ad.).pdf
Mechanics of Machinery	ME 19-205-0502	ME	2019	November 2021	Mechanics of Machinery 2021 Nov (2019 Ad).pdf
Mechanics of Machinery	ME 19-205-0502	ME	2019	November 2025	Mechanics of Machinery 2025 Nov (2019 Ad.).pdf
Mechanics of Machinery	ME 19-205-0502	ME	2019	September 2022	Mechanics of Machinery 2022 Sept  (2019 Ad).pdf
Mechanics of Machinery	ME 23-205-0502	ME	2023	November 2025	Mechanics of Machinery. 2025 Nov (2023 Ad.).pdf
Mechanics of Solids	ME 15-1303	ME	2015	April 2021	Mechanics of Solids 2021 Apr. (2015 Ad).pdf
Mechanics of Solids	ME 15-1303	ME	2015	May 2017	Mechanics of Solids 2017 May (2015 Ad).PDF
Mechanics of Solids	ME 15-1303	ME	2015	November 2018	Mechanics of Solids 2018 Nov  (2015 Ad).pdf
Mechanics of Solids	ME 15-1303	ME	2015	November 2020	Mechanics of Solids 2020 Nov (2015 Ad).pdf
Mechanics of Solids	ME 17P 1103	ME	2017	April 2019	Mechanics of Solids 2019 April(2017 Ad.).pdf
Mechanics of Solids	ME 19-205-0303	ME	2019	February 2022	Mechanics of Solids  2022 Feb (2019 Ad).pdf
Mechanics of Solids	ME 19-205-0303	ME	2019	July 2024	Mechanics of Solids  2024 July  (2019 Ad)_0001.pdf
Mechatronics			2017	November 2020	Mechatronics  2020  Nov (2017 Ad).pdf
Mechatronics	ME 15-1403	ME	2015	April 2017	Mechatronics 2017 April (2015 Scheme).PDF
Mechatronics	ME 15-1403	ME	2015	April 2018	Mechatronics 2018 April (2015 Scheme).pdf
Mechatronics	ME 15-1403	ME	2015	April 2019	Mechatronics 2019 April (2015 Scheme).pdf
Mechatronics	ME 15-1403	ME	2015	April 2022	Mechatronics 2022 April (2015 Ad.).pdf
Mechatronics	ME 15-1403	ME	2015	February 2020	Mechatronics 2020 Feb (2015 scheme).pdf.pdf
Mechatronics	ME 19-205-0403	ME	2019	April 2026	Mechatronics 2026 Apr (2019 Ad.).pdf
Mechatronics	ME 19-205-0403	ME	2019	June 2022	Mechatronics 2022 June (2019 Ad.).pdf
Mechatronics	ME 19-205-0403	ME	2019	June 2024	Mechatronics 2024 June (2019 Ad.).pdf
Metallurgy and Material Science			2017	September 2024	Metallurgy and Material Science  2024 Sept  (2017 Ad).pdf
Metallurgy and Material Science	ME 15-1305	ME	2015	April 2021	Metallurgy and Material Science 2021 Apr.(2015 Ad).pdf
Metallurgy and Material Science	ME 15-1305	ME	2015	May 2017	Metallurgy and Material Science 2017 May (2015 Ad).PDF
Metallurgy and Material Science	ME 15-1305	ME	2015	November 2018	Metallurgy and Material Science 2018 Nov  (2015 Ad).pdf
Metallurgy and Material Science	ME 17P 1203	ME	2017	November 2020	Metallurgy and Material Science 2020 Nov (2017 Ad).pdf
Metallurgy and Material Science	ME 19-205-0305	ME	2019	February 2022	Metallurgy and Materials Science  2022 Feb (2019 Ad).pdf
Metrology and Instrumentation	ME 1402	ME	2012	April 2019	Metrology and Instrumentation 2019 April (2012 Ad).pdf
Metrology and Instrumentation	ME 15-1402	ME	2015	April 2018	Metrology and Instrumentation 2018 April (2015 Scheme).pdf
Metrology and Instrumentation	ME 15-1402	ME	2015	February 2020	Metrology and instrumentation 2020 Feb (2015 scheme).pdf.pdf
Metrology and Instrumentation	ME 17P 1305	ME		April 2020	Metrology and Instrumentation 2020 April.pdf
Metrology and Instrumentation	ME 17P 1305	ME	2017	April 2019	Metrology and Instrumentation 2019 April(2017 Ad.).pdf
Metrology and Instrumentation	ME 19-205-0402	ME	2019	April 2026	Metrology and Instrumentation 2026 Apr (2019 Ad.).pdf
Metrology and Instrumentation	ME 19-205-0402	ME	2019	July 2024	Metrology and Instrumentation 2024 July  (2019 Ad.)_0001.pdf
Metrology and Instrumentation	ME 19-205-0402	ME	2019	June 2022	Metrology and Instrumentation 2022 June (2019 Ad.).pdf
Metrology and Instrumentation	ME 23-205-0402	ME	2023	April 2025	Metrology and Instrumentation 2025 April(2023 Ad.).pdf
Metrology and Insturmentation	ME 15-1402	ME	2015	April 2017	Metrtology and Insturmentation 2017  April (2015 Ad).PDF
Metrology and Insturmentation	ME 15-1402	ME	2015	April 2019	Metrology and Insturmentation 2019  April (2015 Scheme).pdf
Metrology and Insturmentation	ME 15-1402	ME	2015	April 2021	Metrtology and Insturmentation 2021 April (2015 Scheme).pdf
Microprocessor and Microcontrolled Based Systems			2015	November 2018	Microprocessor and Microcontrolled Based Systems 2018 Nov (2015 Ad).pdf
Microprocessor and Microcontrolled Based Systems	EE 15-1504	EEE	2015	April 2018	Microprocessor and Microcontrolled Based Systems 2018 April (2015 Ad).pdf
Microprocessor and Microcontrolled Based Systems	EE 15-1504	EEE	2015	April 2019	Microprocessor and Microcontrolled Based Systems 2019 April (2015 Ad).pdf
Microprocessor and Microcontrolled Based Systems	EE 15-1504	EEE	2015	April 2021	Microprocessor and Microcontrolled Based Systems 2021 April (2015 Ad).pdf
Microprocessor and Microcontrolled Based Systems	EE 15-1504	EEE	2015	April 2022	Microprocessor and Microcontrolled Based Systems 2022 April (2015 Ad).pdf
Microprocessor and Microcontrolled Based Systems	EE 15-1504	EEE	2015	November 2020	Microprocessor and Microcontrolled Based Systems 2020 Nov (2015 Ad).pdf
Microprocessor and Microcontrolled Based Systems	EE 15-1504	EEE	2015	November 2022	Microprocessor and Microcontrolled Based Systems 2022 Nov (2015 Ad).pdf
Microprocessor and Microcontrolled Based Systems	EE 19-209-0503	EEE	2019	January 2023	Microprocessor and Microcontrolled Based Systems 2023 Janu  (2019 Ad).pdf
Microprocessor and Microcontrolled Based Systems	EE 19-209-0503	EEE	2019	November 2021	Microprocessor and Microcontrolled Based Systems 2021 Nov (2019 Ad).pdf
Microprocessor and Microcontrolled Based Systems	EE 19-209-0503	EEE	2019	November 2025	Microprocessor and Microcontrolled Based Systems 2025 Nov (2019 Ad).pdf
Microprocessor and Microcontrolled Based Systems	EE 19-209-0503	EEE	2019	September 2022	Microprocessor and Microcontrolled Based Systems 2022 Sept (2019 Ad).pdf
Microprocessor and Microcontrolled Based Systems	EE 23-209-0306	EEE	2023	November 2025	Microprocessor and Microcontrolled Based Systems 2025 Nov (2023 Ad.).pdf
Microprocessor and Microcontroller Architecture	IT 15-1404	IT	2015	April 2017	Microprocessor and Microcontroller Architecture 2017  April (2015 Ad).PDF
Microprocessor and Microcontroller Architecture	IT 15-1404	IT	2015	April 2018	Microprocessor and Microcontroller Architecture 2018 April (2015 Scheme).pdf
Microprocessor and Microcontroller Architecture	IT 15-1404	IT	2015	April 2019	Microprocessor and Microcontroller Architecture 2019  April (2015 Scheme).pdf
Microprocessor and microcontroller architecture	IT 15-1404	IT	2015	February 2020	Microprocessor and microcontroller architecture 2020 Feb (2015 scheme).pdf.pdf
Microprocessor and Microcontroller Based Systems	EE 19-209-0503	EEE	2019	June 2024	Microprocessor and Microcontroller Based Systems 2024 June (2019 Ad.).pdf
Microprocessor and Microcontroller Based Systems	EE 23-209-0306	EEE	2023	November 2024	Microprocessor and Microcontroller Based Systems. 2024 Nov (2023 Ad.).pdf
Microprocessor and Microcontrollers	EC 23-203-0305	ECE	2023	November 2025	Microprocessor and Microcontrollers 2025 Nov (2023 Ad.).pdf
Microprocessor Architectures	EC 19-203-0402	ECE	2019	April 2026	Microprocessor Architecture 2026 Apr (2019 Ad.).pdf
Microprocessor Architectures	EC 19-203-0402	ECE	2019	July 2024	Microprocessor Architectures  2024 July  (2019 Ad)_0001.pdf
Microprocessor Architectures	EC19-203-0402	ECE	2019	June 2022	Microprocessor Architectures  2022 June (2019 Ad).pdf
Microprocessor Architectures and Programming	EC 15-1402	ECE	2015	April 2018	Microprocessor Architectures and Programming 2018 April (2015 Scheme).pdf
Microprocessor Architectures and Programming	EC 15-1402	ECE	2015	April 2022	Microprocessor architectures and programming 2022 April (2015 Ad.).pdf
Microprocessors			2019	June 2022	Microprocessors 2022 June (2019 Ad.).pdf
Microprocessors	CS 15-1402	CSE	2015	April 2017	Micro Procressors 2017  April (2015 Ad).PDF
Microprocessors	CS 15-1402	CSE	2015	April 2018	Microprocessors 2018 April (2015 Scheme).pdf
Microprocessors	CS 15-1402	CSE	2015	April 2019	Microprocessors 2019 April (2015 Scheme).pdf
Microprocessors	CS 15-1402	CSE	2015	April 2021	Microprocessors 2021 Apr.(2015 Ad).pdf
Microprocessors	CS 15-1402	CSE	2015	April 2022	Microprocessors 2022 April (2015 Ad.).pdf
Microprocessors	CS 15-1402	CSE	2015	February 2020	Microprocessors 2020 Feb (2015 scheme).pdf.pdf
Microprocessors	CS 19-202-0402	CSE	2019	April 2026	Microprocessors 2026 Apr (2019 Ad.).pdf
Microprocessors	CS 19-202-0402	CSE	2019	July 2024	Microprocessors 2024 July  (2019 Ad.)_0001.pdf
Microprocessors	CS 23-202-0406	CSE	2023	April 2025	Micro processors 2025 April(2023 Ad.).pdf
Microprocessors Architectures and Programming			2015	April 2019	Microprocessors Architectures and Programming 2019  April (2015 Ad).pdf
Microprocessors Architectures and Programming	EC 15-1402	ECE	2015	April 2017	Microprocessors Architectures and Programming 2017  April (2015 Ad).PDF
Microprocessors Architectures and Programming	EC 15-1402	ECE	2015	February 2020	Microprocessors architecture and programming 2020 Feb (2015 scheme).pdf.pdf
Microwave Engineering	EC 23-203-0502	ECE	2023	November 2025	Microwave Engineering. 2025 Nov (2023 Ad.).pdf
Microwave Techniques and Devices	EC 15-1602	ECE	2015	April 2018	Microwave Techniques and Devices 2018 April (2015 Ad).pdf
Microwave Techniques and Devices	EC 15-1602	ECE	2015	April 2022	Microwave Techniques and Devices 2022 April (2015 Ad. )
Microwave Techniques and Devices	EC 15-1602	ECE	2015	January 2019	Microwave Techniques and Devices 2019 Jan (2015 Ad).pdf
Microwave Techniques and Devices	EC 15-1602	ECE	2015	January 2019	Microwave Techniques and Devices 2019 January  (2015 Ad).pdf
Microwave Techniques and Devices	EC 15-1602	ECE	2015	July 2019	Microwave Techniques and Devices 2019 Jul (2015 Ad).pdf
Microwave Techniques and Devices	EC 19-203-0602	ECE	2019	April 2022	Microwave Techniques and Devices 2022 April ( 2019 Ad.)
Microwave Techniques and Devices	EC 19-203-0602	ECE	2019	April 2026	Microwave Techniques and Devices 2026 Apr (2019 Ad.).pdf
Microwave techniques and devices	EC 19-203-0602	ECE	2019	November 2022	Microwave techniques and devices 2022 Nov(2019 Ad.).pdf
Micrpprocessors and Microcontrollers	EC 23-203-0305	ECE	2023	November 2024	Micrpprocessors and Microcontrollers. 2024 Nov (2023 Ad.).pdf
Mobile Application Development	CS 19-202-0708	CSE	2019	April 2026	Mobile Application Development 2026 Apr (2019 Ad.).pdf
Mobile Application Development	CS 19-202-0708	CSE	2019	March 2023	Mobile Application Development 2023 March (2019 Ad).pdf
Mobile Application Development	CS 19-202-0708	CSE	2019	May 2024	Mobile application development 2024 May (2019 Ad.).pdf.pdf
Mobile Computing	IT 15-1705	IT	2015	April 2019	Mobile Computing 2019 April (2015 Ad).pdf
Mobile Computing	IT 15-1705	IT	2015	April 2021	Mobile Computing 2021 April  (2015 Ad)
Mobile Computing	IT 15-1705	IT	2015	November 2018	Mobile Computing 2018 Nov (2015 Ad).pdf
Mobile Computing	IT 15-1705	IT	2015	November 2019	Mobile Computing 2019 Nov (2015 Ad).pdf
Mobile Computing	IT 15-1705	IT	2015	November 2020	Mobile Computing 2020 Nov (2015 Ad).pdf
Mobile Computing Technology	CS /IT 19-202-0704(IE)	CSE	2019	May 2024	Mobile Computing Technology 2024 May (2019 Ad.).pdf.pdf
Mobile Computing Technology	CS/IT 15-1705	CSE	2015	April 2022	Mobile computing technology 2022 April (2015 Ad.).pdf
Mobile Computing Technology	CS/IT 19-202-0704(IE)	CSE	2019	April 2026	Mobile Computing Technology 2026 Apr (2019 Ad.).pdf
Mobile Computing Technology	CS/IT 19-202-0704(TE)	CSE	2019	March 2023	Mobile Computing Technology  2023 March (2019 Ad).pdf
Mobile Computing Technology	CSAT 15-1705	CSE	2015	November 2020	Mobile Computing Technology 2020 Nov (2015 Ad).pdf
Mobile Computing Technology	CSAT 15-1705	CSE	2015	November 2021	Mobile computing technology 2021 Nov (2015 Ad.) B.pdf
Mobile Computing Technology	T 15-1705 (IE1)		2015	November 2021	Mobile ComputingTechnology 2021 Nov (2015 Ad) A.pdf
Mobile Data Management	IT 19-204-0711	IT	2019	2024	Mobile Data Management 2024 (2019 Ad.).pdf.pdf
Mobile Data Management	IT 19-204-0711	IT	2019	April 2026	Mobile Data Management 2026 Apr (2019 Ad.).pdf
Mobile Data Management	IT 19-204-0711	IT	2019	March 2023	Mobile Data Management   2023 March (2019 Ad).pdf
Multimedia Communication Systems	EC 15-1804(E)	ECE	2015	April 2019	Multimedia Communication Systems 2019 April (2015 Ad).pdf
Multimedia Communication Systems	EC 15-1804(E)	ECE	2015	July 2019	Multimedia Communication Systems  2019 Jul (2015 Ad).pdf
Multimedia Communication Systems	EC 19-203-0806	ECE	2019	April 2023	Multimedia Communication Systems 2023 April ( 2019 Ad.).pdf
Multimedia Communication Systems	EC 19-203-0806	ECE	2019	July 2023	Multimedia Communication Systems 2023 July  ( 2019 Ad.)
Multimedia Computing	IT 15-1606	IT	2015	April 2020	Multimedia Computing.pdf
Nano Electronics	EC 15-1705(F)	ECE	2015	November 2018	Nano Electronics 2018 Nov (2015 Ad).pdf
Network Theory	EC 15-1303	ECE	2015	April 2018	Network Theory 2018 April  (2015 Ad).pdf
Network Theory	EC 15-1303	ECE	2015	May 2017	Network Theory 2017 May (2015 Ad).PDF
Network Theory	EC 15-1303	ECE	2015	November 2017	Network Theory  2017 Nov (2015 Ad).pdf
Network Theory	EC 15-1303	ECE	2015	November 2020	Network Theory 2020 Nov (2015 Ad).pdf
Network Theory	EC 15-1303	ECE	2015	November 2021	Network Theory 2021 Nov (2015 Ad.).pdf
Network Theory	EC 19-203-0303	ECE	2019	February 2022	Network Theory 2022 February (2019 Ad.).pdf
Network Theory	EC 19-203-0303	ECE	2019	June 2024	Network Theory 2024 June  (2019 Ad.)_0001.pdf
Network Theory	EC 19-203-0303	ECE	2019	November 2023	Network Theory 2023 Nov  (2019 Ad.).pdf
Network Theory	EC 23-203-0302	ECE	2023	November 2025	Network Theory 2025 Nov (2023 Ad.).pdf
Neural Networks and Deep Learning	CS 15-1705	CSE	2015	April 2021	Neural Networks and Deep Learning 2021 April (2015.Ad)
Neural Networks and Deep Learning	CS 15-1705	CSE	2015	April 2022	Neural networking and deep learning 2022 April (2015 Ad.).pdf
Neural Networks and Deep Learning	CS 15-1705	CSE	2015	November 2020	Neural Networks and Deep Learning 2020 Nov (2015.Ad).pdf
Neural Networks and Deep Learning	CS 19-202-0606(E)	CSE	2019	November 2022	Neural networks and deep learning 2022 Nov (2019 Ad.).pdf
Neural Networks and Deep Learning	CS 19-202-0606(IE)	CSE	2019	April 2022	Neural Networks and Deep Leaning  2022 April (2019 Ad. ).pdf
Neural Networks and Deep Learning	CS 19-202-0606(IE)	CSE	2019	April 2026	Neural Networks and Deep Learning 2026 Apr (2019 Ad.).pdf
Neural Networks and Deep Learning	CS 19-202-0606(IE)	CSE	2019	June 2023	Neural networks and deep learning 2023 June   (2019 Ad.)
New and Renewable Sources of energy	EE 15-1703	EEE	2015	April 2019	New and Renewable Sources of energy 2019 April  (2015 Ad).pdf
New and Renewable Sources of Energy	EE 15-1703	EEE	2015	April 2021	New and Renewable Sources of Energy 2021 April (2015 Ad)
New and renewable sources of energy	EE 15-1703	EEE	2015	April 2022	New and renewable sources of energy 2022 April (2015 Ad.).pdf
New and Renewable Sources of energy	EE 15-1703	EEE	2015	November 2018	New and Renewable Sources of energy 2018 Nov (2015 Ad).pdf
New and Renewable Sources of energy	EE 15-1703	EEE	2015	November 2019	New and Renewable Sources of energy 2019 Nov (2015 Ad).pdf
New and Renewable Sources of Energy	EE 15-1703	EEE	2015	November 2020	New and Renewable Sources of Energy 2020 Nov (2015 Ad).pdf
New and Renewable Sources Of Energy	EE 15-1703	EEE	2015	November 2021	New and Renewable Sources Of Energy 2021 November (2015 Ad).pdf
New and Renewable Sources of Energy	EE 19-209-0709	EEE	2019	March 2023	New and Renewable Sources of Energy  2023 March (2019 Ad).pdf
New Separation Processes			2017	November 2020	New Separation Processes 2020 November (2017 Ad.).pdf
Non Conventional Sources of Energy	EC 19-203-0812	ECE	2019	April 2023	Non- Conventional Sources of Energy 2023 April (2019 ad.).pdf
Non Destructive testing methods	SE 19-206-0811	SFE	2019	April 2023	Non-Destructive testing methods 2023 April (2019 Ad.).pdf
Numerical and Statistical Methods			2017	April 2020	Numerical and Statistical Methods 2020 April(2017 Ad.).pdf
Numerical and Statistical Methods	AS 15-1501	Applied Science and Humanities	2015	April 2018	Numerical and statastical Methods 2018 April (2015 Ad).pdf
Numerical and Statistical Methods	AS 15-1501	Applied Science and Humanities	2015	April 2019	Numerical and statastical Methods 2019 April (2015 Ad).pdf
Numerical and Statistical Methods	AS 15-1501	Applied Science and Humanities	2015	April 2021	Numerical and Statistical Methods 2021 Apr.(2015 Ad).pdf
Numerical and Statistical Methods	AS 15-1501	Applied Science and Humanities	2015	November 2018	Numerical and statastical Methods 2018 Nov (2015 Ad).pdf
Numerical and Statistical Methods	AS 15-1501	Applied Science and Humanities	2015	November 2020	Numerical and Statistical Methods  2020 Nov (2015 Ad).pdf
Numerical and Statistical Methods	AS 15-1501	Applied Science and Humanities	2015	November 2025	Numerical and Statistical Methods 2025 Nov (2015 Ad.).pdf
Numerical and Statistical Methods	AS 17P 1301	Applied Science and Humanities	2017	April 2022	Numerical and Statistical Methods 2022 April (2017 Ad.).pdf
Numerical and Statistical Methods	CE/EE/ME/SE 19-200-0501	CE	2019	January 2023	Numerical and statastical Method 2023 Janu (2019 Ad).pdf
Numerical and Statistical Methods	EE/AT/ME/SE 19-200-0501	EEE	2019	November 2021	Numerical And Statistical methods 2021 Nov (2019 Ad).pdf
Numerical and Statistical Methods	IT/ME/SE 19-200-0501	IT	2019	November 2025	Numerical and Statistical Methods 2025 Nov (2019 Ad.).pdf
Numerical and Statistical Methods	ME/SE 19-200-0501	ME	2019	September 2022	Numerical and Statistical Methods 2022 Sept (2019 Ad.).pdf
Numerical and Statistical Methods	TT/ME/EE/SE 19-200-0501		2019	June 2024	Numerical and statastical Method 2024 June  (2019 Ad).pdf
Object Oriented Modeling and Design	IT 15-1603	IT	2015	April 2018	Object Oriented Modeling And Design  2018 April   (2015 Ad).pdf
Object Oriented Modeling and Design	IT 15-1603	IT	2015	April 2022	Object Oriented Modeling and Design 2022 April (2015 Ad. )
Object Oriented Modeling and Design	IT 15-1603	IT	2015	July 2019	Object Oriented Modeling and Design 2019 July (2015 Scheme).pdf
Object Oriented Modeling and Design	IT 19-204-0502	IT	2019	June 2024	Object Oriented Modeling and Design 2024 June (2019 Ad.).pdf
Object Oriented Modelling and Design	IT 19-204-0502	IT	2019	January 2023	Object Oriented Modelling And Design 2023 Janu  (2019 Ad).pdf
Object Oriented Modelling and Design	IT 19-204-0502	IT	2019	November 2021	Object Oriented Modelling And Design 2021 Nov (2019 Ad).pdf
Object Oriented Modelling and Design	IT 19-204-0502	IT	2019	November 2025	Object Oriented Modelling And Design 2025 Nov (2019 Ad).pdf
Object Oriented Modelling and Design	IT 19-204-0502	IT	2019	September 2022	Object Oriented Modelling And Design 2022 Sept (2019 Ad).pdf
Object Oriented Programming			2015	April 2018	Object Oriented Programming  2018 April (2015 Ad).pdf
Object Oriented Programming	CS 19-202-0304	CSE	2019	February 2022	Object Oriented Programming 2022 February (2019 Ad.).pdf
Object Oriented Programming	CS 19-202-0304	CSE	2019	July 2024	Object Oriented Programming 2024 July  (2019 Ad.)_0001.pdf
Object Oriented Programming	CS/IT 15-1304	CSE	2015	November 2020	Object Oriented Programming 2020 Nov (2015 Ad).pdf
Object Oriented Programming	CS/TT 15-1304	CSE	2015	May 2017	Object Oriented Programming 2017 May (2015 Ad).PDF
Object Oriented Programming	CSA 15-1304	CSE	2015	April 2021	Object Oriented Programming 2021 Apr.(2015 Ad).pdf
Object Oriented Programming	CSAIT 15-1304	CSE	2015	November 2017	Object oriented programming 2017 Nov (2015 Ad).pdf
Object Oriented Programming	EC 15-1606(D)	ECE	2015	January 2019	Object Oriented Programming  2019 Jan (2015 Ad).pdf
Object Oriented Programming	EC 15-1606(D)	ECE	2015	July 2019	Object Oriented Programming  2019 Jul (2015 Ad).pdf
Object Oriented Programming	EC 19-203-0607	ECE	2019	April 2026	Object Oriented Programming 2026 Apr (2019 Ad.).pdf
Object Oriented Programming	EC 19-203-0607	ECE	2019	June 2023	Object oriented programming 2023 June  (2019 Ad.)
Object Oriented Programming	EC 19-203-0607	ECE	2019	November 2022	Object oriented programming 2022 Nov (2019 Ad.).pdf
Object Oriented Programming in C++			2019	June 2022	Object Oriented Programming in C++ 2022 June (2019 Ad.).pdf
Object Oriented Programming in C++	EE/EC/CS/IT 23-200-0204	EEE	2023	July 2024	Object Oriented Progamming in C++ 2024 July (2023 Ad.).pdf
Object Oriented Programming in C++	IT 19-204-0406	IT	2019	June 2022	Object Oriented Programming in C++ 2022 June (2019 Ad.) 5.pdf
Object Oriented Programming in C++	IT 19-204-0406	IT	2019	June 2024	Object Oriented Programming in C++ 2024 June (2019 Ad.) 5_0001.pdf
Object Oriented Software Engineering	CS 15-1503	CSE	2015	April 2018	Object Oriented Software Engineering  2018  April    (2015  Ad).pdf
Object Oriented Software Engineering	CS 15-1503	CSE	2015	April 2021	Object Oriented Software Engineering 2021 Apr. (2015 Ad.).pdf
Object Oriented Software Engineering	CS 15-1503	CSE	2015	November 2017	Object Oriented Software Engineering  2017  Nov   (2015  Ad).pdf
Object Oriented Software Engineering	CS 15-1503	CSE	2015	November 2020	Object Oriented Software Engineering  2020 Nov (2015 Ad).pdf
Object Oriented Software Engineering	CS 15-1503	CSE	2015	November 2021	Object Oriented Software Engineering  2021 Nov (2015 Ad).pdf
Object Oriented Software Engineering	CS 15-1503	CSE	2015	November 2022	Object Oriented Software Engineering  2022 Nov (2015 Ad).pdf
Object Oriented Software Engineering	CS 19-202-0503	CSE	2019	January 2023	Object Oriented Software Engineering  2023 Janu   (2019 Ad).pdf
Object Oriented Software Engineering	CS 19-202-0503	CSE	2019	June 2024	Object Oriented Software Engineering 2024 June (2019 Ad.).pdf
Object Oriented Software Engineering	CS 19-202-0503	CSE	2019	November 2021	Object Oriented Software Engineering  2021 Nov (2019 Ad).pdf
Object Oriented Software Engineering	CS 19-202-0503	CSE	2019	November 2025	Object Oriented Software Engineering  2025 Nov (2019 Ad).pdf
Object Oriented Software Engineering	CS 19-202-0503	CSE	2019	September 2022	Object Oriented Software Engineering  2022 Sept  (2019 Ad).pdf
Object Oriented Software Engineering	CS 23-202-0405	CSE	2023	April 2025	Object Oriented Software Engineering 2025 April(Ad.2023).pdf
Occupational Health and First Aid	SE 15-1406	SFE	2015	April 2017	Occuapational Health and First Aid 2017  April (2015 Ad).PDF
Occupational Health and First Aid	SE 15-1406	SFE	2015	April 2018	Occupational Health and First Aid 2018 April (2015 Scheme).pdf
Occupational Health and First Aid	SE 15-1406	SFE	2015	February 2020	Occupational health and first aid 2020 Feb (2015 scheme).pdf.pdf
Occupational Health and First Aid	SE 19-206-0406	SFE	2019	June 2022	Occupational Health and First Aid 2022 June (2019 Ad.).pdf
Occupational Health and First Aid	SE 19-206-0406	SFE	2019	June 2024	Occupational Health and First Aid 2024 June (2019 Ad.)_0001.pdf
Operating Systems	CS 15-1504	CSE	2015	April 2018	Operating System  2018 April  (2015  Ad).pdf
Operating Systems	CS 15-1504	CSE	2015	April 2021	Operating system 2021 Apr.(2015 Ad).pdf
Operating Systems	CS 15-1504	CSE	2015	November 2017	Operating System  2017  Nov   (2015  Ad).pdf
Operating Systems	CS 15-1504	CSE	2015	November 2020	Operating System  2020  Nov   (2015  Ad).pdf
Operating Systems	CS 15-1504	CSE	2015	November 2022	Operating System  2022  Nov   (2015  Ad).pdf
Operating Systems	CS 19-202-0605	CSE	2019	April 2022	Operating System 2022 April (2019 Ad. ).pdf
Operating Systems	CS 19-202-0605	CSE	2019	June 2023	Operating System 2023 June  (2019 Ad. ).pdf
Operating Systems	CS 19-202-0660	CSE	2019	April 2026	Operating System 2026 Apr (2019 Ad.).pdf
Operating Systems	CS 23-202-0402	CSE	2023	April 2025	Operating Systems 2025 April(2023 Ad.).pdf
Operating Systems	IT 15-1502	IT	2015	April 2021	Operating Systems 2021 Apr.(2015 Ad).pdf
Operating Systems	IT 15-1502	IT	2015	November 2020	Operating Systems 2020 Nov (2015 Ad).pdf
Operating Systems	IT 15-1502	IT	2015	November 2021	Operating Systems 2021 Nov (2015 Ad).pdf
Operating systems	IT 1502	IT	2015	November 2017	Operating systems 2017 Nov (2015 Ad).pdf
Operating Systems	IT 19-204-0403	IT	2019	April 2026	Operating Systems 2026 Apr (2019 Ad.).pdf
Operating Systems	IT 19-204-0403	IT	2019	June 2022	Operating Systems 2022 June (2019 Ad.).pdf
Operating Systems	IT 19-204-0403	IT	2019	June 2024	Operating Systems 2024 June (2019 Ad.).pdf
Operating Systems	IT 23-204-0403	IT	2023	April 2025	Operating System 2025 April (2023 Ad.).pdf
Operations Management			2017	April 2023	Operations Management  2023 April (2017 Ad.).pdf
Operations Management	ME 15-1603	ME	2015	April 2018	Operation Management 2018  April  (2015 Ad).pdf
Operations Management	ME 19-205-0603	ME	2019	April 2022	Operations Management   2022 April (2019 Ad. ).pdf
Operations Management	ME 19-205-0603	ME	2019	April 2022	Operations Management   2022 April (2019 Ad) A.pdf
Operations Management	ME 19-205-0603	ME	2019	April 2026	Operations Management 2026 Apr (2019 Ad.).pdf
Operations Management	ME 19-205-0603	ME	2019	November 2022	Operations management 2022 Nov (2019 Ad.).pdf
Operations Management	ME 23-205-0507	ME	2023	November 2025	Operations Management. 2025 Nov (2023 Ad.).pdf
Operations Research	IT 15-1702	IT	2015	April 2019	Operations Research 2019 April (2015 Ad).pdf
Operations Research	IT 15-1702	IT	2015	April 2021	Operations Research 2021 April (2015 Ad)
Operations Research	IT 15-1702	IT	2015	November 2018	Operations Research 2018 Nov (2015 Ad).pdf
Operations Research	IT 15-1702	IT	2015	November 2019	Operations Research 2019 Nov (2015 Ad).pdf
Operations Research	IT 15-1702	IT	2015	November 2020	Operations Research 2020 Nov (2015 Ad).pdf
Operations Research	IT 15-1702	IT	2015	November 2025	Operations research 2025 Nov (2015 Ad.).pdf
Operations Research	ME 15-1803	ME	2015	April 2019	Operations Research 2019 April (2015 Scheme).pdf
Operations Research	ME 15-1803	ME	2015	April 2022	Operations Research 2022 April (2015 Ad.).pdf
Operations Research	ME 15-1803	ME	2015	August 2022	Operations Research 2022 August (2015 Ad.).pdf
Operations Research	ME 15-1803	ME	2015	July 2019	Operations Research 2019 Jul (2015 Ad).pdf
Operations Research	ME 19-205-0810	ME	2019	April 2023	Operations Research 2023 April (2019 Ad).pdf
Operations Research	ME 19-205-0810	ME	2019	July 2023	Operations Research 2023 July (2019 Ad).pdf
Optical Fiber Communication	EC 19-203-0608	ECE	2019	April 2022	Optical Fiber Communication  2022 April ( 2019 Ad).pdf
Optical Fiber Communication	EC 19-203-0608	ECE	2019	April 2026	Optical Fiber Communication 2026 Apr (2019 Ad.).pdf
Optical Fiber Communication	EC 19-203-0608	ECE	2019	June 2023	Optical Fiber Communication  2023 June  ( 2019 Ad).pdf
Optical fiber communication	EC 19-203-0608	ECE	2019	November 2022	Optical fiber communication 2022 Nov (2019 Ad.).pdf
Organic Chemical Technology	CH 17P 1405		2017	November 2020	Organic Chemical Technology   2020  Nov (2017 Ad).pdf
Organic Chemistry			2017	September 2024	Organic Chemistry 2024 Sept  (2017 Ad).pdf
Organic Chemistry	CH 17P 1203		2017	November 2020	Organic Chemistry 2020 Nov (2017 Ad).pdf
Particulate Science and Technology	CH 17P 1205		2017	November 2020	Particulate Science and Technology 2020 Nov (2017 Ad).pdf
Pavement Analysis and Design	CE 15-1705	CE	2015	April 2019	Pavement Analysis and Design 2019 April (2015 Ad).pdf
Pavement Analysis and Design	CE 15-1705	CE	2015	April 2021	Pavement Analysis and Design 2021 April (2015 Ad).pdf
Pavement Analysis and Design	CE 15-1705	CE	2015	November 2018	Pavement Analysis and Design 2018 Nov (2015 Ad).pdf
Pavement Analysis and Design	CE 15-1705	CE	2015	November 2019	Pavement Analysis and Design 2019  Nov (2015 Ad).pdf
Pavement Analysis and Design	CE 15-1705	CE	2015	November 2020	Pavement Analysis and Design 2020  Nov (2015 Ad).pdf
Pavement Analysis and Design	CE 19-201-0706	CE	2019	November 2023	Pavement Analysis and Design 2023 Nov (2019Ad.).pdf
Physical Chemistry	CH 17P 1103		2017	April 2019	Physical Chemistry 2019 April(2017 Ad.).pdf
Planning and Design of Fire Protection Systems	SE 15-1504	SFE	2015	April 2021	Planning and Design of Fire Protection systems 2021 Apr.(2015 Ad).pdf
Planning and Design of Fire Protection Systems	SE 15-1504	SFE	2015	November 2017	Planning and design of fire protection systems 2017 Nov (2015 Ad).pdf
Planning and Design of Fire Protection Systems	SE 15-1504	SFE	2015	November 2022	Planning and design of fire protection systems 2022  Nov (2015 Ad).pdf
Planning and Design of Fire Protection Systems	SE 19-206-0404	SFE	2019	April 2026	Planning and Design of Fire Protection Systems 2026 Apr (2019 Ad.).pdf
Planning and Design of Fire Protection Systems	SE 19-206-0404	SFE	2019	June 2022	Planning and Design of the Fire Protection Systems 2022 June (2019 Ad.).pdf
Planning and Design of Fire Protection Systems	SE 19-206-0404	SFE	2019	June 2024	Planning and Design of the Fire Protection Systems 2024 June (2019 Ad.).pdf
Planning and Design of Fire Protection Systems	SE 23-206-0404	SFE	2023	April 2025	Planning and Design for Fire Protection Systems 2025 April(2023 Ad.).pdf
Planning and Design of Fire Protection Systems	SE15-1504	SFE	2015	April 2018	Planning and design of fire protection systems 2018 April (2015 Ad).pdf
Polymer Technology	CH 17-210-0705		2017	May 2024	Polymer Technology 2024 May (2017 Ad.).pdf.pdf
Power Electronics	EC 15-1605	ECE	2015	April 2018	Power Electronics  2018 April (2015 Ad).pdf
Power Electronics	EC 15-1605	ECE	2015	January 2019	Power Electronics  2019 Jan (2015 Ad).pdf
Power Electronics	EC 15-1605	ECE	2015	July 2019	Power Electronics 2019 Jul (2015 Ad).pdf
Power Electronics	EE 15-1406	EEE	2015	April 2017	Power Electronics 2017  April (2015 Ad).PDF
Power Electronics	EE 15-1406	EEE	2015	April 2022	Power Electronics 2022 April (2015 Ad.).pdf
Power Electronics	EE 15-1406	EEE	2015	February 2020	Power Electronics 2020 Feb  (2015 Ad).pdf
Power Electronics	EE 19-209-0404	EEE	2019	June 2022	Power Electronics 2022 June (2019 Ad.).pdf
Power Electronics	EE 19-209-0404	EEE	2019	June 2024	Power Electronics 2024 June (2019 Ad.).pdf
Power Electronics	EE 19-209-404	EEE	2019	April 2026	Power Electronics 2026 Apr (2019 Ad.).pdf
Power Electronics	EE 23-209-0404	EEE	2023	April 2025	Power Electronics 2025 April (2023 Ad.).pdf
Power Plant Engineering	ME 15-1506	ME	2015	April 2018	Power Plant Engineering  2018 April  (2015 Ad).pdf
Power Plant Engineering	ME 15-1506	ME	2015	April 2021	Power Plant Engineering 2021 Apr.(2015 Ad).pdf
Power Plant Engineering	ME 15-1506	ME	2015	April 2022	Power Plant Engineering 2022  Apr.(2015 Ad).pdf
Power Plant Engineering	ME 15-1506	ME	2015	November 2017	Power Plant Engineering  2017 Nov   (2015 Ad).pdf
Power Plant Engineering	ME 15-1506	ME	2015	November 2018	Power Plant Engineering  2018 Nov  (2015 Ad).pdf
Power Plant Engineering	ME 19-205-0505	ME	2019	January 2023	Power Plant Engineering 2023 Janu  (2019 Ad.)
Power Plant Engineering	ME 19-205-0505	ME	2019	June 2024	Power Plant Engineering 2024 June (2019 Ad.).pdf
Power Plant Engineering	ME 19-205-0505	ME	2019	November 2021	Power Plant Engineering 2021 Nov (2019 Ad.).pdf
Power Plant Engineering	ME 19-205-0505	ME	2019	September 2022	Power Plant Engineering 2022 Sept  (2019 Ad.).pdf
Power Quality	EE 15-1804	EEE	2015	April 2019	Power Quality 2019 April (2015 Ad).pdf
Power Quality	EE 15-1804	EEE	2015	July 2019	Power Quality  2019 Jul (2015 Ad).pdf
Power Quality	EE 19-209-0805	EEE	2019	April 2023	Power Quality 2023 April (2019 Ad.).pdf
Power Semicomductor Drives	EE 23-209-0501	EEE	2023	November 2025	Power semicomductor drives Nov 2025 (2023 Ad.).pdf
Power Systems I	EE 15-1506	EEE	2015	April 2021	Power Systems I 2021 April  (2015 Scheme).pdf
Power Systems I	EE 15-1506	EEE	2015	November 2018	Power Systems I 2018 Nov (2015 Scheme).pdf
Power Systems I	EE 15-1506	EEE	2015	November 2020	Power Systems I 2020 Nov (2015 Scheme).pdf
Power Systems I	EE 15-1506	EEE	2015	November 2021	Power Systems I 2021 Nov (2015 Scheme).pdf
Power Systems I	EE 19-209-0504	EEE	2019	June 2024	Power Systems I 2024 June (2019 Ad.).pdf
Power Systems I	EE 19-209-0504	EEE	2019	November 2021	Power Systems I 2021 Nov (2019 Scheme).pdf
Power Systems I	EE 19-209-0504	EEE	2019	September 2022	Power Systems I 2022 Sept  (2019 Scheme).pdf
Power Systems I	EE 23-209-0505	EEE	2023	November 2025	Power Systems I. 2025 Nov (2023 Ad.).pdf
Power Systems I	EE15-1506	EEE	2015	November 2022	Power Systems I 2022  Nov (2015 Scheme).pdf
Power Systems II	EE 15-1603	EEE	2015	April 2018	Power Systems II  2018 April  (2015 Ad).pdf
Power Systems II	EE 15-1603	EEE	2015	January 2019	Power Systems II  2019 January (2015 Ad).pdf
Power Systems II	EE 19-209-0603	EEE	2019	April 2022	Power Systems II  2022 April (2019 Ad) A.pdf
Power Systems II	EE 19-209-0603	EEE	2019	April 2022	Power Systems II  2022 April (2019 Ad) B.pdf
Power Systems II	EE 19-209-0603	EEE	2019	April 2026	Power Systems II 2026 Apr (2019 Ad.).pdf
Power Systems II	EE 19-209-0603	EEE	2019	June 2023	Power Systems II  2023 June  (2019 Ad).pdf
Power systems II	EE 19-209-0603	EEE	2019	November 2022	Power systems II 2022 Nov(2019 Ad.).pdf
Power Systems III	E 15-1803		2015	April 2022	Power Systems III 2022 April (2015 Ad.).pdf
Power Systems III	EE 15-1803	EEE	2015	August 2022	Power Systems III 2022 August (2015 Ad.).pdf
Power Systems III	EE 15-1803	EEE	2015	July 2019	Power Systems III  2019 Jul (2015 Ad).pdf
Principles of Communication	IT/ME/SE/EE 23-203-0310	IT	2023	November 2024	Principles of Communication. 2024 Nov (2023 Ad.).pdf
Principles of Engineering Design	SE 15-1503	SFE	2015	April 2018	Principles of Engineering Design 2018  Apr.(2015 Ad).pdf
Principles of Engineering Design	SE 15-1503	SFE	2015	April 2021	Principles of Engineering Design 2021 Apr.(2015 Ad).pdf
Principles of Engineering Design	SE 15-1503	SFE	2015	April 2022	Principles of Engineering Design 2022 April  (2015 Ad).pdf
Principles of Engineering Design	SE 15-1503	SFE	2015	November 2017	Principles of Engineering Design 2017 Nov (2015 Ad).pdf
Principles of Engineering Design	SE 15-1503	SFE	2015	November 2020	Principles of Engineering Design 2020 Nov (2015 Ad).pdf
Principles of Engineering Design	SE 15-1503	SFE	2015	November 2021	Principles of Engineering Design 2021  Nov (2015 Ad).pdf
Principles of Engineering Design	SE 15-1503	SFE	2015	November 2022	Principles of Engineering Design 2022 Nov (2015 Ad).pdf
Principles of Engineering Design	SE 19-206-0503	SFE	2019	January 2023	Principles of engineerng design 2023 Janu (2019 Ad).pdf
Principles of Engineering Design	SE 19-206-0503	SFE	2019	June 2024	Principles of Engineering Design 2024 June (2019 Ad.).pdf
Principles of Engineering Design	SE 19-206-0503	SFE	2019	June 2024	Principles of engineerng design 2024 June  (2019 Ad).pdf
Principles of Engineering Design	SE 19-206-0503	SFE	2019	November 2021	Principles of engineerng design 2021 Nov (2019 Ad).pdf
Principles of Engineering Design	SE 19-206-0503	SFE	2019	November 2025	Principles of engineerng design 2025 Nov (2019 Ad).pdf
Principles of Engineering Design	SE 19-206-0503	SFE	2019	September 2022	Principles of engineerng design 2022 Sept (2019 Ad).pdf
Principles of Engineering Design	SE 23-206-0503	SFE	2023	November 2025	Principles of Engineering Design.2025 Nov (2023 Ad.).pdf
Principles of Health, Safety & Environmental Management			2023	November 2024	Principles of Health, Safety & Environmental Management. 2024 Nov (2023 Ad.).pdf
Principles of Industrial Management	SE 15-1703	SFE	2015	April 2019	Principles of Industrial Management 2019 April (2015 Ad).pdf
Principles of Industrial Management	SE 15-1703	SFE	2015	April 2021	Principles of Industrial Management 2021April (2015 Ad)
Principles of Industrial management	SE 15-1703	SFE	2015	April 2022	Principles of industrial management 2022 April (2015 Ad.).pdf
Principles of Industrial Management	SE 15-1703	SFE	2015	November 2018	Principles of Industrial Management 2018 Nov  (2015 Ad).pdf
Principles of Industrial Management	SE 15-1703	SFE	2015	November 2019	Principles of Industrial Management 2019 Nov (2015 Ad).pdf
Principles of Industrial Management	SE 19-206-0704	SFE	2019	November 2023	Principles of Industrial Management 2023 Nov  (2019 Ad).pdf
Principles of Management	CS/EC/EE/IT 19-200-0701	CSE	2019	April 2026	Principles of Management 2026 Apr (2019 Ad.).pdf
Principles of Management	CS/EC/EE/IT 19-200-0701	CSE	2019	November 2025	Principles of Management 2025 Nov (2019 Ad).pdf
Principles of Management	CS/EC/IT/EE 19-200-0701	CSE	2019	March 2023	Principles of Management 2023 March (2019 Ad).pdf
Principles of Management	CS/EC/IT/EE 19-202	CSE	2019	November 2024	Principles of Management 2024 Nov (2019 Ad.).pdf
Principles of Management	GE 15-1701		2015	April 2019	Principles of Management 2019 April (2015 Ad).pdf
Principles of Management	GE 15-1701		2015	April 2021	Principles of Management 2021 April (2015 Ad).pdf
Principles of Management	GE 15-1701		2015	April 2022	Principles of management 2022 April (2015 Ad.).pdf
Principles of Management	GE 15-1701		2015	November 2018	Principles of Management 2018 Nov (2015 Ad).pdf
Principles of Management	GE 15-1701		2015	November 2019	Principles of Management 2019 Nov.(2015 Ad.).pdf
Principles of Management	GE 15-1701		2015	November 2020	Principles of Management 2020 Nov (2015 Ad.).pdf
Principles of Management	GE 15-1701		2015	November 2020	Principles of Management 2020 Nov (2015 Ad).pdf
Principles of Management	GE 15-1701		2015	November 2021	Principles of Management 2021 Nov (2015 Ad).pdf
Principles of Management	IT/CS/EE/EC 19-200-0701	IT	2019	May 2024	Principles of Management 2024 May  (2019 Ad).pdf
Principles of Management and Industrial Engineering	ME 23-205-0405	ME	2023	April 2025	Principles of Management and Industrial Engineering 2025 April(2023 Ad.).pdf
Principles of Programming Languages	CS 15-1305	CSE	2015	April 2021	Principles of Programming  Languages 2021 Apr.(2015 Ad).pdf
Principles of Programming Languages	CS 15-1305	CSE	2015	May 2017	Principles of Programming Languages 2017 May (2015 Ad).PDF
Principles of Programming Languages	CS 15-1305	CSE	2015	November 2016	Principles of programming languages 2016 Nov (2015 Ad).pdf
Principles of Programming Languages	CS 15-1305	CSE	2015	November 2017	Principles of programming languages 2017 Nov (2015 Ad).pdf
Principles of Programming Languages	CS 15-1305	CSE	2015	November 2020	Principles of Programming Languages 2020 Nov (2015 Ad).pdf
Principles of Programming Languages	CS 19-202-0305	CSE	2019	February 2022	Principles of Programming Languages 2022 February (2019 Ad.).pdf
Principles of Programming Languages	CS 19-202-0305	CSE	2019	November 2023	Principles of Programming Languages 2023 Nov  (2019 Ad.).pdf
Principles of Programming Languages	CS 23-202-0305	CSE	2023	November 2024	Principles of Programming Languages. 2024 Nov (2023 Ad.).pdf
Principles of Programming Languages	CS 23-202-0305	CSE	2023	November 2025	Principles of Programming Languages 2025 Nov (2023 Ad.).pdf
Principles of Safety Management	SE 15-1304	SFE	2015	April 2021	Principles of Safety Management 2021 Apr. (2015 Ad).pdf
Principles of Safety Management	SE 15-1304	SFE	2015	May 2017	Principles of Safety Management 2017 May (2015 Ad).PDF
Principles of Safety Management	SE 15-1304	SFE	2015	November 2020	Principles of Safety Management 2020 No  (2015 Ad).pdf
Principles of Safety Management	SE 19-206-0306	SFE	2019	February 2022	Principles of Safety Management 2022 February (2019 Ad.).pdf
Principles of Safety Management	SE 19-206-0306	SFE	2019	July 2024	Principles of Safety Management 2024 July  (2019 Ad.)_0001.pdf
Principles of Safety Management	SE 19-206-0306	SFE	2019	November 2025	Principles of Safety Management 2025 Nov (2019Ad.).pdf
Process Equipment Design	CH 17P 1604		2017	November 2020	Process Equipment Design 2020 November (2017 Ad.).pdf
Process Heat Transfer	CH 17P 1304		2017	April 2019	Process Heat Transfer 2019 April(2017Ad.).pdf
Process Heat Transfer	CH 17P 1304		2017	April 2020	Process Heat Transfer 2020 April(2017Ad.).pdf
Process Instrumentation and Automatic Control	CH 17P 1503			April 2023	Process Instrumentation and Automatic Control 2023 April.pdf
Process Instrumentation And Control	SE 15-1602	SFE	2015	April 2018	Process Instrumentation And Control 2018 April  (2015 Ad).pdf
Process Instrumentation and Control	SE 15-1602	SFE	2015	January 2019	Process Instrumentation and Control 2019 Jan (2015 Ad).pdf
Process Instrumentation and Control	SE 15-1602	SFE	2015	July 2019	Process Instrumentation and Control 2019 Jul (2015 Ad).pdf
Process Instrumentation and Control	SE 19-206-0602	SFE	2019	April 2022	Process Instrumentation and Control 2022 April (2019 Ad.)
Process Instrumentation and Control	SE 19-206-0602	SFE	2019	April 2026	Process Instrumentation and Control 2026 Apr (2019 Ad.).pdf
Process Plant Safety and Hazzard Migigation	CH 17P 1603			November 2020	Process Plant Safety and Hazzard Migigation 2020 Nov.pdf
Production Technology	ME 15-1802	ME	2015	April 2019	Production Technology 2019 April (2015 Ad).pdf
Production Technology	ME 15-1802	ME	2015	July 2019	Production Technology 2019 Jul (2015 Ad).pdf
Production Technology	ME 19-205-0806	ME	2019	April 2023	Production Technology  2023 April (2019 Ad).pdf
Production Technology	ME 19-205-0806	ME	2019	July 2023	Production Technology  2023 July (2019 Ad).pdf
Python for Machine Learning			2023	April 2025	Python for Machine Learning 2025 Apri(2023 Ad.).pdf
Quality Engineering	ME 15-1705	ME	2015	April 2019	Quality Engineering 2019 April (2015 Ad).pdf
Quality Engineering	ME 15-1705	ME	2015	April 2021	Quality Engineering 2021 April (2015 Ad).pdf
Quality Engineering	ME 15-1705	ME	2015	November 2018	Quality Engineering 2018 Nov (2015 Ad).pdf
Quality Engineering	ME 15-1705	ME	2015	November 2019	Quality Engineering 2019 Nov.(2015 AD.).pdf
Quality Engineering	ME 15-1705	ME	2015	November 2023	Quality Engineering 2023  Nov.(2015 AD.).pdf
Quality Engineering	ME 15-1705	ME	2015	November 2023	Quality Engineering 2023 Nov (2015 Ad.).pdf
Quality Engineering and Management	ME 15-1705	ME	2015	April 2021	Quality Engineering and Management 2021 April (2015 Ad).pdf
Quality Engineering and management	ME 15-1705	ME	2015	April 2022	Quality engineering and management 2022 April (2015 Ad.).pdf
Quality Engineering and Management	ME 15-1705	ME	2015	November 2020	Quality Engineering and Management 2020 Nov (2015 Ad) .pdf
Quality Engineering and Management	ME 15-1705	ME	2015	November 2023	Quality Engineering and Management 2023 Nov (2015 Ad.).pdf
Quality Engineering and Management	ME 19-205-0708	ME	2019	April 2026	Quality Engineering and Management 2026 Apr (2019 Ad.).pdf
Quality Engineering and Management	ME 19-205-0708	ME	2019	March 2023	Quality Engineering and Management 2023 March (2019 Ad).pdf
Quality Engineering and Management	ME 19-205-0708	ME	2019	May 2024	Quality Egineering and Management 2024 May (2019 Ad.).pdf.pdf
Quality Engineering and Management	ME 19-205-0708	ME	2019	November 2023	Quality Engineering and Management 2023 Nov(2019Ad.).pdf
Quantity Surveying and Valuation	CE 15-1704	CE	2015	April 2019	Quantity Surveying and Valuation 2019 April(2015 Ad).pdf
Quantity Surveying and Valuation	CE 15-1704	CE	2015	April 2021	Quantity Surveying and Valuation 2021 April(2015 Ad).pdf
Quantity Surveying and valuation	CE 15-1704	CE	2015	April 2022	Quantity surveying and valuation 2022 April (2015 Ad.).pdf
Quantity Surveying and Valuation	CE 15-1704	CE	2015	November 2018	Quantity Surveying and Valuation 2018 Nov (2015 Ad).pdf
Quantity Surveying and Valuation	CE 15-1704	CE	2015	November 2019	Quantity Surveying and Valuation 2019 Nov (2015 Ad).pdf
Quantity Surveying and Valuation	CE 15-1704	CE	2015	November 2020	Quantity Surveying and Valuation 2020 Nov (2015 Ad).pdf
Quantity Surveying and valuation	CE 15-1704	CE	2015	November 2021	Quantity surveying and valuation 2021 Nov (2015 Ad.).pdf
Quantity Surveying and Valuation	CE 17P 1503	CE		April 2023	Quality Surveying and Valuation 2023 April.pdf
Quantity Surveying and Valuation	CE 19-201-0702	CE	2019	April 2026	Quantity Surveying and Valuation 2026 Apr (2019 Ad.).pdf
Quantity Surveying and Valuation	CE 19-201-0702	CE	2019	March 2023	Quantity  Surveying and Valuation 2023 March (2019 Ad).pdf
Quantity Surveying and Valuation	CE 19-201-0702	CE	2019	May 2024	Quantity Surveying and Valuation 2024 May (2019 Ad.).pdf.pdf
Quantity Surveying and Valuation	CE 19-201-0702	CE	2019	November 2023	Quality Surveying and Valuation 2023 Nov (2019Ad.).pdf
Quantity Surveying and Valuation	CE 19-201-0702	CE	2019	November 2024	Quantity Surveying and Valuation 2024 Nov  (2019 Ad.)_0001.pdf
Quantity Surveying and Valuation	CE 19-201-0702	CE	2019	November 2025	Quantity  Surveying and Valuation 2025 Nov (2019 Ad).pdf
Rail and Water Transport Engineering	CE 19-201-0507	CE	2019	June 2024	Rail and Water Transport Engineering 2024 June (2019 Ad.).pdf
Rail and Water Transport Engineering	CE 19-201-0507	CE	2019	November 2021	Rail and Water Transport Engineering 2021 Nov (2019 Ad.).pdf
Real Time Systems	IT 15-1802	IT	2015	April 2022	Real Time Systems 2022 April (2015 Ad.).pdf
Real Time Systems	IT 15-1802	IT	2015	July 2019	Real Time Systems 2019 Jul (2015 Ad).pdf
Recommander System	IT 15-1804	IT	2015	July 2019	Recommander System 2019 Jul (2015 Ad).pdf
Recommender System	IT 15-1804	IT	2015	April 2019	Recommender System 2019 April (2015 Ad).pdf
Recommender System	IT 15-1804	IT	2015	August 2022	Recommender System 2022 August (2015 Ad.).pdf
Recommender System	IT 19-204-0609	IT	2019	April 2026	Recommender System 2026 Apr (2019 Ad.).pdf
Refregeration and Air Conditioning	ME 19-205-0701	ME	2019	2024	Refregeration and Air Conditioning 2024 (2019 Ad.).pdf.pdf
Refrigeration and Air Conditioning	ME 15-1701	ME	2015	April 2019	Refrigeration and Air-Conditioning 2019 April (2015 Ad).pdf
Refrigeration and Air Conditioning	ME 15-1701	ME	2015	April 2021	Refrigeration and Air-Conditioning 2021 April (2015 Ad).pdf
Refrigeration and air conditioning	ME 15-1701	ME	2015	April 2022	Refrigeration and air conditioning 2022 April (2015 Ad.).pdf
Refrigeration and Air Conditioning	ME 15-1701	ME	2015	November 2018	Refrigeration and Air-Conditioning 2018 Nov (2015 Ad).pdf
Refrigeration and Air Conditioning	ME 15-1701	ME	2015	November 2019	Refrigeration and Air-Conditioning 2019 Nov (2015 Ad).pdf
Refrigeration and Air Conditioning	ME 15-1701	ME	2015	November 2020	Refrigeration and Air-Conditioning 2020 Nov (2015 Ad).pdf
Refrigeration and Air Conditioning	ME 15-1701	ME	2015	November 2023	Refrigeration and Air Conditioning 2023 Nov (2015 Ad.).pdf
Refrigeration and Air conditioning	ME 19-205-0701	ME	2019	April 2026	Refrigeration and Airconditioning 2026 Apr (2019 Ad.).pdf
Refrigeration and Air Conditioning	ME 19-205-0701	ME	2019	March 2023	Refrigeration and Air Conditioning 2023 March (2019 Ad).pdf
Refrigeration and Air Conditioning	ME 19-205-0701	ME	2019	November 2024	Refrigeration  and Air Conditioning 2024 November (2019 Ad.).pdf
Refrigeration and Air Conditioning	ME 19-205-0701	ME	2019	November 2025	Refrigeration  and Air Conditioning 2025 November (2019 Ad.).pdf
Refrigeration and Air Conditioning	ME 19-205-701	ME	2019	November 2023	Refrigeration and Air Conditioning 2023 Nov(2019Ad.).pdf
Renewable Energy Sources	EE 23-209-0503	EEE	2023	November 2025	Renewable Energy Sources. 2025 Nov (2023 Ad.).pdf
Research Methodology and Intellectual Property Rights	IT 23-204-0514	IT	2023	November 2025	Research Methodology and Intellectual Property Rights  Nov 2025(2023Ad.).pdf
Research Methodology and Intellectual Property Rights	IT 23-204-0514	IT	2023	November 2025	Research Methodology And Intellectual Property Rights. 2025 Nov (2023 Ad.).pdf
Research Methodology and IPR	CE 23-201-0515	CE	2023	November 2025	Research Methodology and IPR 2025 Nov (2023 Ad).pdf
Research Methodology and IPR	SE 23-206-0514	SFE	2023	November 2025	Research Methodology And IPR. 2025 Nov (2023 Ad.).pdf
Research Methodology and IPR 	SE 23-206-0514	SFE	2023	November 2025	RESEARCH METHODOLOGY AND IPR Nov 2025(2023Ad.).pdf
Retrofitting And Rehabilitation Of Structures	CE 15-1606	CE	2015	April 2018	Retrofitting And Rehabilitation Of Structures 2018 April  (2015 Ad).pdf
Retrofitting and Rehabilitation of Structures	CE 19-201-0806	CE	2019	April 2023	Retrofitting and Rehabilitation of Structures 2023 April (2019 Ad.).pdf
Retrofitting and Rehabilitation of structures	CE 19-201-0806	CE	2019	April 2024	Retrofitting and Rehabilitation of structures 2024 April (2019 Ad. ).pdf
Safety in Construction	SE 15-1306	SFE	2015	April 2021	Safety in Construction 2021 Apr.(2015 ad).pdf
Safety in Construction	SE 15-1306	SFE	2015	May 2017	Safety in Construction 2017 May (2015 Ad).PDF
Safety in Construction	SE 15-1306	SFE	2015	November 2021	Safety in Construction 2021 Nov (2015 Ad.).pdf
Safety in Construction	SE 19-206-0703	SFE	2019	May 2024	Safety in Construction 2024 May   (2019 Ad).pdf
Safety in Construction	SE 19-206-0703	SFE	2019	November 2023	Safety in Construction 2023 Nov  (2019 Ad).pdf
Safety in Construction	SE 19-206-0703	SFE	2019	November 2025	Safety in Construction 2025 Nov  (2019 Ad).pdf
Safety In Petroleum And Petrochemical Industries	SE 15-1606	SFE	2015	April 2018	Safety In Petroleum And Petrochemical Industries  2018 April (2015 Ad).pdf
Safety In Petroleum And Petrochemical Industries	SE 15-1606	SFE	2015	January 2019	Safety In Petroleum And Petrochemical Industries  2019 Jan (2015 Ad).pdf
Safety in Petrolium and Petrochemical Industries	SE 19-206-0607(IE)	SFE	2019	April 2022	Safety in Petrolium and Petrochemical Industries  2022 April (2019 Ad.pdf
Safety in petroluem and petrochemical industries	SE 19-206-0607(IE)	SFE	2019	November 2022	Safety in petroluem and petrochemical industries 2022 Nov(2019 Ad.).pdf
Saftey in Petrolium and Petrochemical Industries	SE 15-1606	SFE	2015	July 2019	Saftey in Petrolium and Petrochemical Industries 2019 Jul (2015 Ad).pdf
Satellite Communication	EC 19-203-0705	ECE	2019	April 2026	Satellite Communication 2026 Apr (2019 Ad.).pdf
Satellite Communication	EC 19-203-0705	ECE	2019	March 2023	Satellite Communication 2023 March (2019 Ad).pdf
Security and Cyber Laws	IT 15-1803	IT	2015	April 2022	Security and Cyber Laws 2022 April (2015 Ad.).pdf
Security and Cyber laws	IT 15-1803	IT	2015	August 2022	Security and Cyber laws2022 August (2015 Ad.).pdf
Security and Cyber Laws	IT 15-1803	IT	2015	July 2019	Security and Cyber Laws 2019 Jul (2015 Ad).pdf
Self Awareness and Integral Development	EC/EE 19-203-0813	ECE	2019	April 2023	Self Awareness and Integral Development 2023 April ( 2019 Ad.).pdf
Signal Processing	EE/IT/ME/SE 23-203-0410	EEE	2023	April 2025	Signal Processing 2025 April (2023 Ad.).pdf
Signals and Systems	EC 15-1404	ECE	2015	April 2017	Signals and Systems 2017  April (2015 Ad).PDF
Signals and Systems	EC 15-1404	ECE	2015	April 2019	Signals and Systems 2019 April (2015 Ad).pdf
Signals and systems	EC 15-1404	ECE	2015	February 2020	Signals and systems 2020 Feb (2015 scheme).pdf.pdf
Signals and Systems	EC 19-203-0403	ECE	2019	April 2026	Signals and Systems 2026 Apr (2019 Ad.).pdf
Signals and Systems	EC 19-203-0403	ECE	2019	June 2022	Signals and Systems 2022 June (2019 Ad.).pdf
Signals and Systems	EC 19-203-0403	ECE	2019	June 2024	Signals and Systems 2024 June (2019 Ad.).pdf
Signals and Systems	EC 23-203-0403	ECE	2023	April 2025	Signals and Systems 2025 April (2023 Ad.).pdf
Smart Grid	EE 15-1804	EEE	2015	August 2022	Smart Grid 2022 August (2015 Ad.).pdf
Soft Computing	EE 19-209-0608	EEE	2019	April 2022	Soft Computing 2022 April (2019 Ad).pdf
Soft Computing	EE 19-209-0608	EEE	2019	April 2026	Soft Computing 2026 Apr (2019 Ad.).pdf
Soft computing	EE 19-209-0608	EEE	2019	June 2023	Soft computing 2023 June  (2019 Ad.)
Soft computing	EE 19-209-0608	EEE	2019	November 2022	Soft computing 2022 Nov (2019 Ad.).pdf
Soft Computing	IT 15-1606	IT	2015	April 2018	Soft Computing   2018  April (2015 Ad).pdf
Soft Computing	IT 15-1606	IT	2015	January 2019	Soft Computing  2019 Jan (2015 Ad).pdf
Soft Computing Techniques for Safety Engineering	SE 23-206-0412	SFE	2023	April 2025	Soft Computing Techniques for Safety Engineering 2025 April(2023 Ad.).pdf
Software Design And Architecture	IT 23-204-0502	IT	2023	November 2025	Software Design And Architecture. 2025 Nov (2023 Ad.).pdf
Software Engineering	IT 15-1505	IT	2015	April 2021	Software Engineering 2021 Apr.(2015 Ad).pdf
Software engineering	IT 15-1505	IT	2015	November 2017	Software engineering 2017 Nov (2015 Ad).pdf
Software engineering	IT 15-1505	IT	2015	November 2021	Software engineering 2021 Nov (2015 Ad).pdf
Software Engineering	IT 19-204-0404	IT	2019	April 2026	Software Engineering 2026 Apr (2019 Ad.).pdf
Software Engineering	IT 19-204-0404	IT	2019	July 2024	Software Engineering 2024 July  (2019 Ad.).pdf
Software Engineering	IT 19-204-0404	IT	2019	June 2022	Software Engineering 2022 June (2019 Ad.).pdf
Software Engineering	IT 23-204-0404	IT	2023	April 2025	Software Engineering 2025 April (2023 Ad.).pdf
Software engineering	TT 15-1505		2015	April 2018	Software engineering 2018 April (2015 Ad).pdf
Software Project Management	CS 19-202-0607	CSE	2019	April 2026	Software Project Management 2026 Apr (2019 Ad.).pdf
Software Project Management	CS 19-202-0607	CSE	2019	June 2023	Software Project Management  2023 June  (2019 Ad. ).pdf
Software Quality And Testing			2015	April 2018	Software Quality And Testing  2018 April   (2015 Ad).pdf
Software Quality And Testing	IT 15-1606	IT	2015	January 2019	Software Quality And Testing  2019 Jan (2015 Ad).pdf
Software Quality and Testing	IT 19-204-0806	IT	2019	April 2023	Software Quality and Testing 2023 April (2019 Ad.).pdf
Software Quality And Testing	IT 19-204-0806	IT	2019	April 2024	Software Quality And Testing 2024 April (2019 Ad.).pdf
Software Quality and Testing	IT 19-204-0806	IT	2019	July 2023	Software Quality and Testing 2023 July  (2019 Ad.)
Solar PV Systems	EE 19-209-0804	EEE	2019	April 2023	Solar PV Systems 2023 April ( 2019 Ad.).pdf
Solid and Industrial Waste Management	CE 15-1705	CE	2015	November 2020	Solid and Industrial Waste Management 2020 Nov (2015 Ad).pdf
Solid State Devices	EC 23-203-0306	ECE	2023	November 2024	Solid State Devices. 2024 Nov 2023 Ad.).pdf
Solid State Devices	EC 23-203-0306	ECE	2023	November 2025	Solid State Devices 2025 Nov (2023 Ad.).pdf
Solid State Electronics	EC 15-1305	ECE	2015	May 2017	Solid State Electronics 2017 May (2015 Ad).PDF
Solid State Electronics	EC 15-1305	ECE	2015	May 2018	Solid State Electronics 2018 May (2015 Ad).pdf
Solid state Electronics	EC 15-1305	ECE	2015	November 2016	Solid state electronics  2016 Nov (2015 Ad).pdf
Solid state Electronics	EC 15-1305	ECE	2015	November 2017	Solid state electronics  2017 Nov (2015 Ad).pdf
Solid State Electronics	EC 15-1305	ECE	2015	November 2020	Solid State Electronics 2020 Nov (2015 Ad).pdf
Solid State Electronics	EC 15-1305	ECE	2015	November 2021	Solid State Electronics 2021 Nov (2015 Ad.).pdf
Solid State Electronics	EC 19-203-0305	ECE	2019	February 2022	Solid State Electronics 2022 February (2019 Ad.).pdf
Solid State Electronics	EC 19-203-0305	ECE	2019	February 2023	Solid State Electronics 2023  February (2019 Ad.).pdf
Solid Waste Management				November 2020	Solid Waste Management  2020 Nov.pdf
Solid Waste Management			2015	November 2019	Solid Waste Management 2019 Nov (2015 Ad).pdf
Solid Waste Management	CE 15-1705	CE	2015	April 2021	Solid Waste Management 2021 April  (2015 Ad).pdf
Solid waste management	CE 15-1705	CE	2015	April 2022	Solid waste management 2022 April (2015 Ad.).pdf
Solid Waste Management	CE 15-1705	CE	2015	November 2018	Solid Waste Management 2018 Nov (2015 Ad).pdf
Solid Waste Management	CE 15-1705	CE	2015	November 2020	Solid Waste Management 2020 Nov (2015 Ad).pdf
Special Electric Machines	EE 19-209-0507	EEE	2019	November 2021	Special Electric Machines 2021 Nov (2019 Ad.).pdf
Strength of Materials	CE 15-1303	CE	2015	April 2019	Strength of Materials 2019 April(2015 Ad).pdf
Strength of Materials	CE 15-1303	CE	2015	April 2021	Strength of Materials 2021 Apr.(2015 Ad)
Strength of Materials	CE 15-1303	CE	2015	May 2017	Strength of Materials  2017  May (2015 Ad).PDF
Strength of Materials	CE 15-1303	CE	2015	November 2018	Strength of Materials  2018 Nov  (2015 Ad).pdf
Strength of Materials	CE 15-1303	CE	2015	November 2020	Strength of Materials 2020 Nov (2015 Ad).pdf
Strength of Materials	CE 15-1303	CE	2015	November 2021	Strength of Materials 2021 Nov (2015 Ad.).pdf
Strength of Materials	CE 17P 1103	CE	2017	April 2019	Strength of Materials 2019 April(2017 Ad.).pdf
Strength of Materials	CE 17P 1103	CE	2017	April 2020	Strength of Materials 2020 April(2017 Ad.).pdf
Strength of Materials	CE 19-201-0303	CE	2019	February 2022	Strength of Materials 2022 February (2019 Ad.).pdf
Strength of Materials	CE 19-201-0303	CE	2019	July 2024	Strength of Materials 2024 July  (2019 Ad.)_0001.pdf
Strength of Materials	CE 19-201-0303	CE	2019	November 2023	Strength of Materials 2023 Nov  (2019 Ad.).pdf
Strength of Materials	CE 23-201-0303	CE	2023	November 2024	Strength of Materials 2024 Nov (2023 Ad.).pdf
Strength of Materials	CE 23-201-0303	CE	2023	November 2025	Strength of Materials 2025 Nov (2023 Ad.).pdf
Strength of Materials	SE 15-1403	SFE	2015	April 2017	Strength of Materials 2017  April (2015 Ad) (2).PDF
Strength of Materials	SE 15-1403	SFE	2015	April 2018	Strength of Materials 2018 April (2015 Ad).pdf
Strength of Materials	SE 15-1403	SFE	2015	April 2019	Strength of Materials 2019 April (2015 Ad).pdf
Strength of materials	SE 15-1403	SFE	2015	April 2022	Strength of materials 2022 April (2015 Ad.).pdf
Strength of materials	SE 15-1403	SFE	2015	February 2020	Stregth of materials 2020 Feb (2015 scheme).pdf.pdf
Strength of Materials	SE 19-206-0403	SFE	2019	April 2026	Strength of Materials 2026 Apr (2019 Ad.).pdf
Strength of Materials	SE 19-206-0403	SFE	2019	June 2022	Strength of Materials 2022 June (2019 Ad.).pdf
Strength of Materials	SE 19-206-0403	SFE	2019	June 2024	Strength of Materials 2024 June (2019 Ad.).pdf
Structural Fire Safety			2015	April 2018	Structural Fire Safety 2018 April  (2015 Ad).pdf
Structural Fire Safety	SE 15-1604	SFE	2015	January 2019	Structural Fire Safety 2019 Janu  (2015 Ad).pdf
Structural Fire Safety	SE 15-1604	SFE	2015	July 2019	Structural Fire Safety 2019 Jul (2015 Ad).pdf
Structural Fire Safety	SE 19-206-0504	SFE	2019	January 2023	Structural Fire Safety 2023 Janu  (2019 Ad).pdf
Structural Fire Safety	SE 19-206-0504	SFE	2019	June 2024	Structural Fire Safety 2024 June (2019 Ad.).pdf
Structural Fire Safety	SE 19-206-0504	SFE	2019	November 2021	Structural Fire Safety 2021 Nov (2019 Ad).pdf
Structural Fire Safety	SE 23-206-0504	SFE	2023	November 2025	Structural Fire Safety. 2025 Nov (2023 Ad.).pdf
Subsurface Investigations and Instrumentation	CE 23-201-0514	CE	2023	November 2025	Subsurface Investigation and Instrumentation Nov2025(2023Ad.).pdf
Subsurface Investigations And Instrumentation	CE 23-201-0514	CE	2023	November 2025	Subsurface Investigations And Instrumentation. 2025 Nov (2023 Ad.).pdf
Supply Chain Management	ME 19-205-0705	ME	2019	2024	Supply Chain Management 2024 (2019 Ad.).pdf.pdf
Supply Chain Management	ME 19-205-0705	ME	2019	November 2023	Supply Chain Management 2023 Nov (2019 Ad.).pdf
Surveying	CE 15-1302	CE	2015	November 2021	Surveying 2021 November (2015 Ad.).pdf
Surveying	CE 19-201-0302	CE	2019	February 2022	Surveying 2022 February (2019 Ad.).pdf
Surveying I	CE 15-1302	CE	2015	April 2019	Surveying I 2019 April(2015 Ad).pdf
Surveying I	CE 15-1302	CE	2015	April 2021	Surveying-I 2021 Apr.(2015 Ad).pdf
Surveying I	CE 15-1302	CE	2015	May 2017	Surveying I 2017 May (2015 Ad).PDF
Surveying I	CE 15-1302	CE	2015	November 2016	Surveying I  2016  Nov (2015 Ad).PDF
Surveying I	CE 15-1302	CE	2015	November 2018	Surveying I 2018 Nov (2015 Ad).pdf
Surveying I	CE 15-1302	CE	2015	November 2020	Surveying I 2020 Nov (2015 Ad).pdf
Surveying I	CE 19-201-0302	CE	2019	July 2024	Surveying  I  2024 July   (2019 Ad.)_0001.pdf
Surveying I	CE 19-201-0302	CE	2019	November 2023	Surveying  I  2023 Nov  (2019 Ad.).pdf
Surveying I	CE 23-201-0302	CE	2023	November 2024	Surveying-I. 2024 Nov (2023 Ad.).pdf
Surveying I	CE 23-201-0302	CE	2023	November 2025	Surveying I 2025 Nov (2023 Ad.).pdf
Surveying II	CE 15-1402	CE	2015	April 2017	Surveying II   2017  April (2015 Ad).PDF
Surveying II	CE 15-1402	CE	2015	April 2018	Surveying II 2018 April (2015 Ad).pdf
Surveying II	CE 15-1402	CE	2015	April 2019	Surveying II 2019 April (2015 Ad).pdf
Surveying II	CE 15-1402	CE	2015	April 2021	Surveying II 2021 April (2015 Ad).pdf
Surveying II	CE 15-1402	CE	2015	February 2020	Surveying II 2020 Feb (2015 scheme).pdf.pdf
Surveying II	CE 19-201-0402	CE	2019	April 2026	Surveying II 2026 Apr (2019 Ad.).pdf
Surveying II	CE 19-201-0402	CE	2019	July 2024	Surveying - II 2024 July  (2019 Ad.)_0001.pdf
Surveying II	CE 19-201-0402	CE	2019	June 2022	Surveying - II 2022 June (2019 Ad.).pdf
Surveying II	CE 23-201-0402	CE	2023	April 2025	Surveying II 2025 April(2023 Ad.).pdf
Sustainability Engineering	EE 19-209-0812	EEE	2019	April 2023	Sustainability Engineering 2023 April ( 2019 Ad.).pdf
Sustainability Engineering	EE 19-209-0812	EEE	2019	July 2023	Sustainability Engineering 2023 July  ( 2019 Ad.)
Sustainable Built Environment	CE 19-201-0812	CE	2019	April 2024	Sustainable Built Environment 2024 April (2019 Ad. ) .pdf
Sustainable Construction Techniques	CE 15-1804	CE	2015	April 2019	Sustainable Construction Techniques 2019 April (2015 Ad).pdf
Sustainable Construction Techniques	CE 15-1804	CE	2015	July 2019	Sustainable Construction Techniques 2019 July (2015 Scheme).pdf
Sustainable Construction Techniques	CE 17-217-0702	CE	2017	May 2024	Sustainable Construction Techniques 2024 May (2017 Ad.).pdf.pdf
Sustainable Construction Techniques	CE 19-201-0606(IE)	CE	2019	April 2026	Sustainable Construction Techniques 2026 Apr (2019 Ad.).pdf
Sustainable construction techniques	CE 19-201-0606(IE)	CE	2019	June 2023	Sustainable construction techniques 2023 June  (2019 Ad.)
Sustainable construction techniques	CE 19-201-0606(IE)	CE	2019	November 2022	Sustainable construction techniques 2022 Nov (2019 Ad.).pdf
Sustainable Construction Techniques	CE15-1804	CE	2015	August 2022	Sustainable Construction Techniques 2022 August (2015 Ad.).pdf
System Programming	CS 15-1502	CSE	2015	April 2021	System Programming  2021 Apr. (2015 Ad).pdf
System Programming	CS 15-1502	CSE	2015	April 2022	System Programming  2022 Apr. (2015 Ad).pdf
System Programming	CS 15-1502	CSE	2015	November 2017	System Programming    2017  Nov  (2015  Ad).pdf
System Programming	CS 15-1502	CSE	2015	November 2020	System Programming  2020 Nov (2015 Ad).pdf
System Programming	CS 19-202-0502	CSE	2019	June 2024	System Programming 2024 June (2019 Ad.).pdf
System Programming	CS 19-202-0502	CSE	2019	November 2021	System Programming  2021 Nov (2019 Ad).pdf
System Programming	CS 19-202-0502	CSE	2019	November 2025	System Programming  2025 Nov (2019 Ad).pdf
System Programming	CS 19-202-0502	CSE	2019	September 2022	System Programming  2022 Sept (2019 Ad).pdf
System Programming	CS 23-202-0502	CSE	2023	November 2025	System Programming. 2025 Nov (2023 Ad.).pdf
System Programming	IT 15-1403	IT	2015	April 2017	System Programming 2017  April (2015 Ad).PDF
System Programming	IT 15-1403	IT	2015	April 2019	System Programming 2019 April (2015 Ad).pdf
System programming	IT 15-1403	IT	2015	February 2020	Systems programming 2020 Feb (2015 scheme).pdf.pdf
Technical Communication and Professional Ethics			2015	December 2015	Technical Communication and Professional Ethics   2015 Dec  (2015 Ad).PDF
Technical Communication and Professional Ethics			2015	May 2016	Technical Communication and Professional Ethics  2016 May (2015 Ad).PDF
Technical Communication and Professional Ethics	BS 15-1206		2015	May 2017	Technical Communication and Professional Ethics 2017 May (2015 Ad).PDF
Technical Communication and Professional Ethics	HS 15-1106		2015	December 2016	Technical Communication and Professional Ethics  2016 December  (2015 Ad).pdf
Technical Communication and Professional Ethics	HS 15-1106		2015	November 2018	Technical Communication and Professional Ethics 2018  Nov  (2015 Ad).pdf
Technical Communication and Professional Ethics	HS 15-1106		2015	November 2019	Technical Communication and Professional Ethics 2019  Nov  (2015 Ad).pdf
Technical Communication and Professional Ethics	HS 15-1206		2015	April 2018	Technical Communication and Professional Ethics 2018  April  (2015 Ad).pdf
Technical Communication and Professional Ethics	HS 17P 1302			April 2020	Technical Communication and Professional Ethics 2020 April.pdf
Technical Communication and Professional Ethics	HS 17P 1302		2017	April 2019	Technical Communication and Professional Ethics 2019 April(2017).pdf
Technical Communication and Professional Ethics	HS 17P 1302		2017	April 2022	Technical Communication and Professional Ethics 2022 April (2017 Ad.).pdf
Technical Communication and Professional Ethics	HS15-1106		2019	November 2021	Technical Communication and Professional Ethics   2021  Nov  (2019 Ad).pdf
Thermal Engineering	ME 15-1504	ME	2015	April 2018	Thermal Engineering 2018 April  (2015 Ad).pdf
Thermal Engineering	ME 15-1504	ME	2015	April 2021	Thermal Engineering 2021 Apr.(2015 Ad).pdf
Thermal Engineering	ME 15-1504	ME	2015	April 2022	Thermal Engineering 2022 April  (2015 Ad).pdf
Thermal Engineering	ME 15-1504	ME	2015	November 2017	Thermal Engineering 2017 Nov (2015 Ad).pdf
Thermal Engineering	ME 15-1504	ME	2015	November 2018	Thermal Engineering 2018 Nov (2015 Ad).pdf
Thermal Engineering	ME 19-205-0504	ME	2019	January 2023	Thermal Engineering 2023 Janu  (2019 Ad).pdf
Thermal Engineering	ME 19-205-0504	ME	2019	June 2024	Thermal Engineering 2024 June   (2019 Ad)_0001.pdf
Thermal Engineering	ME 19-205-0504	ME	2019	November 2021	Thermal Engineering 2021 Nov (2019 Ad).pdf
Thermal Engineering	ME 19-205-0504	ME	2019	September 2022	Thermal Engineering 2022 Sept (2019 Ad).pdf
Thermal Engineering	ME 23-205-0504	ME	2023	November 2025	Thermal Engineering. 2025 Nov (2023 Ad.).pdf
Total Quality Management	SE 15-1804	SFE	2015	April 2019	Total Quality Management 2019 April (2015 Ad).pdf
Total Quality Management	SE 15-1804	SFE	2015	August 2022	Total Quality Management 2022 August (2015 Ad.).pdf
Total Quality Management	SE 15-1804	SFE	2015	July 2019	Total Quality Management 2019 Jul (2015 Ad).pdf
Traffic Engineering and Management			2019	April 2026	Traffic Engineering and Management 2026 Apr (2019 Ad.).pdf
Transport Phenomena	CH 17P 1601		2017	November 2020	Transport Phenomena 2020 November (2017 Ad.).pdf
Transportation Engineering	CE 17P 1305	CE	2017	April 2022	Transportation Engineering 2022 April (2017 Ad.).pdf
Transportation Engineering	CE 19-201-0404	CE	2019	April 2026	Transportation Engineering 2026 Apr (2019 Ad.).pdf
Transportation Engineering	CE 19-201-0404	CE	2019	June 2022	Transportation Engineering 2022 June (2019 Ad.).pdf
Transportation Engineering	CE 19-201-0404	CE	2019	June 2024	Transportation Engineering 2024 June (2019 Ad.).pdf
Transportation Engineering I			2015	November 2018	Transportation Engineering I 2018 Nov (2015 Ad).pdf
Transportation Engineering I	CE 15-1505	CE	2015	April 2018	Transportation Engineering I 2018 April (2015 Ad).pdf
Transportation Engineering I	CE 15-1505	CE	2015	April 2019	Transportation Engineering I 2019 April (2015 Ad).pdf
Transportation Engineering I	CE 15-1505	CE	2015	April 2021	Transportation Engineering I 2021 Apr. (2015 Ad).pdf
Transportation Engineering I	CE 15-1505	CE	2015	November 2017	Transportation Engineering I 2017 Nov (2015 Ad).pdf
Transportation Engineering I	CE 15-1505	CE	2015	November 2022	Transportation Engineering I 2022 Nov (2015 Ad).pdf
Transportation Engineering I	CE 17P 1305	CE	2017	April 2019	Transportation Engineering I 2019 April(2017 Ad.).pdf
Transportation Engineering I	CE 23-201-0404	CE	2023	April 2025	Transportation Engineering- I 2025 April(2023 Ad.).pdf
Transportation Engineering II	CE 15-1605	CE	2015	April 2018	Transportation Engineering II 2018 April  (2015 Ad).pdf
Transportation Engineering II	CE 15-1605	CE	2015	January 2019	Transportation Engineering II 2019 Jan (2015 Ad).pdf
Transportation Engineering II	CE 15-1605	CE	2015	July 2019	Transportation Engineering II 2019 Jul (2015 Ad).pdf
Transportation Engineering II	CE 17P 1495	CE	2017	November 2020	Transportation Engineering II    2020  Nov (2017 Ad).pdf
Transportation Engineering II	CE 23-201-0504	CE	2023	November 2025	Transportation Engineering II. 2025 Nov (2023 Ad.).pdf
Transportation System and Safety	SE 15-1702	SFE	2015	April 2019	Transportation System and Safety 2019 April 1 (2015.Ad).pdf
Transportation System and Safety	SE 15-1702	SFE	2015	November 2018	Transportation System and Safety 2018 Nov.  (2015.Ad).pdf
Transportation System and Safety	SE 15-1702	SFE	2015	November 2019	Transportation System and Safety 2019 Nov (2015.Ad).pdf
Transportation systems and safety	SE 15-1702	SFE	2015	April 2022	Transportation systems and safety 2022 April (2015 Ad.).pdf
Transportation Systems and Safety	SE 15-1702	SFE	2015	November 2020	Transportation Systems and Safety 2020 Nov (2015 Ad).pdf
Transportation Systems and Safety	SE 19-206-0702	SFE	2019	April 2026	Transportation Systems and Safety 2026 Apr (2019 Ad.).pdf
Transportation Systems and Safety	SE 19-206-0702	SFE	2019	November 2023	Transportation Systems and Safety  2023 Nov  (2019 Ad).pdf
Transportation Systems and Safety	SE 19-206-0702	SFE	2019	November 2024	Transportation Systems and Safety  2024 Nov  (2019 Ad)_0001.pdf
Transportation Systems and Safety	SE 19-206-0702	SFE	2019	November 2025	Transportation Systems and Safety  2025 Nov  (2019 Ad).pdf
Universal Human Values Undivided Society and Human Order	EC/EE 19-203-0708	ECE	2019	November 2023	Universal Human Values Undivided Society and Human Order 2023 Nov (2019 Ad).pdf
Utilization of Electrical Power	EE 15 1802	EEE	2015	August 2022	Utilization of Electrical Power 2022 August (2015 Ad.).pdf
Utilization of Electrical Power	EE 15-1802	EEE	2015	April 2022	Utilization of Electrical Power 2022 April (2015 Ad.).pdf
Utilization of Electrical Power	EE 15-1802	EEE	2015	July 2019	Utilization of Electric Power  2019 Jul (2015 Ad).pdf
Utilization of Electrical Power	EE 19-209-0806	EEE	2019	April 2023	Utilization of Electrical Power 2023 April ( 2019 Ad.).pdf
Utilization of Electrical Power	EE 19-209-0806	EEE	2019	July 2023	Utilization of Electrical Power 2023 July  ( 2019 Ad.)
Vibration and Noice Control	ME 15-1702	ME	2015	November 2019	Vibration and Noice Control 2019 Nov (2015 Ad.).pdf
Vibration and Noise Control	ME 15-1702	ME	2015	April 2019	Vibration and Noise Control 2019 April (2015 Ad).pdf
Vibration and Noise Control	ME 15-1702	ME	2015	April 2021	Vibration and Noise Control 2021 April (2015 Ad.).pdf
Vibration and noise control	ME 15-1702	ME	2015	April 2022	Vibration and noise control 2022 April (2015 Ad.).pdf
Vibration and Noise Control	ME 15-1702	ME	2015	November 2020	Vibration and Noise Control 2020 Nov (2015 Ad).pdf
Vibration and Noise Control	ME 15-1702	ME	2015	November 2023	Vibration and Noise Control 2023 Nov (2015 Ad.).pdf
Vibration and Noise Control	ME 19-205-0702	ME	2019	April 2026	Vibration and Noise Control 2026 Apr (2019 Ad.).pdf
Vibration and Noise Control	ME 19-205-0702	ME	2019	March 2023	Vibration and Noise Control 2023 March (2019 Ad).pdf
Vibration and Noise Control	ME 19-205-0702	ME	2019	May 2024	Vibration and Noise Control 2024 May (2019 Ad.).pd.pdf
Vibration and Noise Control	ME 19-205-0702	ME	2019	November 2023	Vibration and Noise Control 2023 Nov(2019Ad.).pdf
Vibration and Noise Control	ME 19-205-0702	ME	2019	November 2024	Vibration and Noise Control 2024 Nov (2019 Ad)_0001.pdf
Vibration and Noise Control	ME 19-205-0702	ME	2019	November 2025	Vibration and Noise Control 2025 Nov(2019Ad.).pdf
VLSI Design	EC 15-1603	ECE	2015	April 2018	VLSI  Design 2018 April (2015 Ad).pdf
VLSI Design	EC 15-1603	ECE	2015	April 2022	VLSI Design 2022 April (2015 Ad.)
VLSI Design	EC 15-1603	ECE	2015	January 2019	VLSI Design  2019 Jan (2015 Ad).pdf
VLSI Design	EC 15-1603	ECE	2015	July 2019	VLSI Design 2019 Jul (2015 Ad).pdf
VLSI Design	EC 19-203-0603	ECE	2019	April 2022	VLSI Design  2022 April ( 2019 Ad).pdf
VLSI Design	EC 19-203-0603	ECE	2019	April 2026	VLSI Design 2026 Apr (2019 Ad.).pdf
VLSI Design	EC 19-203-0603	ECE	2019	June 2023	VLSI Design  2023 June  ( 2019 Ad).pdf
VLSI Design	EC 19-203-0603	ECE	2019	November 2022	VLSI Design 2022 Nov (2019 Ad.).pdf
VLSI Design	EC 23-203-0504	ECE	2023	November 2025	VLSI Design.2025 Nov (2023 Ad.).pdf
Water Resources and Irrigation Engieering	CE 17P 1504	CE	2017	April 2023	Water  Resources and Irrigation Engieering  2023  April  (2017 Ad).pdf
Water Resources and Irrigation Engineering	CE 15-1506	CE	2015	November 2017	Water Resources and Irrigation Engineering 2017 Nov (2015 Ad).pdf
Water Resources and Irrigation engineering	CE 19-201-0505	CE	2019	January 2023	Water Resources and Irrigation engineering 2023 Janu (2019 Ad.)
Water Resources and Irrigation Engineering	CE 19-201-0505	CE	2019	June 2024	Water Resources and Irrigation Engineering 2024 June (2019 Ad.).pdf
Water Resources and Irrigation engineering	CE 19-201-0505	CE	2019	November 2021	Water Resources and Irrigation engineering 2021 Nov (2019 Ad.).pdf
Water Resources and Irrigation Engineering	CE 19-201-0505	CE	2019	September 2022	Water Resources and Irrigation Engineering 2022 Sept (2019 Ad.).pdf
Water Resources and Irrigation Engineerng			2015	November 2018	Water Resources and Irrigation Engineerng 2018 Nov (2015 Ad).pdf
Water Resources and Irrigation Engineerng	CE 15-1506	CE	2015	April 2018	Water Resources and Irrigation Engineerng 2018 April (2015 Ad).pdf
Water Resources and Irrigation Engineerng	CE 15-1506	CE	2015	November 2021	Water Resources and Irrigation Engineerng 2021 Nov (2015 Ad).pdf
Water Resources and Irrigation Engineerng	CE15-1506	CE	2015	November 2022	Water Resources and Irrigation Engineerng 2022 Nov (2015 Ad).pdf
Water Resourses and Irrigation Engineering	CE 15-1506	CE	2015	April 2021	Water Resourses and Irrigation Engineering 2021 Apr. (2015 Ad).pdf
Web Technologies	CS 15-1704	CSE	2015	April 2019	Web Technologies 2019 April (2015 Ad).pdf
Web Technologies	CS 15-1704	CSE	2015	April 2021	Web Technologies 2021 April (2015 Ad)
Web Technologies	CS 15-1704	CSE	2015	April 2022	Web Technologies 2022 April (2015 Ad.).pdf
Web Technologies	CS 15-1704	CSE	2015	November 2018	Web Technologies 2018 Nov (2015 Ad).pdf
Web Technologies	CS 15-1704	CSE	2015	November 2020	Web Technologies 2020 Nov (2015 Ad).pdf
Web Technologies	CS 15-1704	CSE	2015	November 2021	WebTechnologies 2021 Nov (2015 Ad).pdf
Web Technologies	CS 15-1704	CSE	2019	November 2019	Web Technologies 2019 Nov (2019 Ad.).pdf
Web Technologies	CS 19-202-0506(IE)	CSE	2019	June 2024	Web Technologies 2024 June (2019 Ad.).pdf
Web Technologies	CS 23-202-0506(E)	CSE	2023	November 2025	Web Technologies. 2025 Nov (2023 Ad.).pdf
Wireless Communication	EC 15-1802	ECE	2015	April 2022	Wireless Communication 2022 April (2015 Ad.).pdf
Wireless Communication	EC 15-1802	ECE	2015	August 2022	Wireless Communication 2022 August (2015 Ad.).pdf
Wireless Communication	EC 15-1802	ECE	2015	July 2019	Wireless Communication 2019 Jul (2015 Ad).pdf
Wireless Communication	EC 19-203-0801	ECE	2019	April 2023	Wireless Communication 2023 April ( 2019 Ad.).pdf
Wireless Communication	EC 19-203-0801	ECE	2019	July 2023	Wireless Communication 2023 July  ( 2019 Ad.)
Wireless Networking	IT 15-1606	IT	2015	April 2019	Wireless Networking 2019 April(2015 Ad).pdf
Wireless Networking	IT 19-204-0508	IT	2019	June 2024	Wireless Networking 2024 June (2019 Ad.).pdf
Wireless Networking	IT 19-204-0508	IT	2019	November 2021	Wireless Networking 2021 Nov (2019 Ad.).pdf